{
  "metadata": {
    "langName": "te-mp",
    "langAuthor": "Clearwater",
    "langVersion": "0.1",
    "langDisplayName": "Template",
    "langRTL": false,
    "minimumModVersion": "1.3.0",
    "langHinduNumbers": false
  },
  "body": {
    "bodyName": "A template file for translating. NOT MEANT TO BE USED AS-IS WITH UltrakULL. Make sure you edit the metadata to reflect the author and language changes!"
  },
  "frontend": {
    "mainmenu_earlyAccess": "",
    "mainmenu_v1Init": "",
    "mainmenu_initSocials": "",
    "mainmenu_halloween": "",
    "mainmenu_easter": "",
    "mainmenu_christmas": "",
    "mainmenu_play": "",
    "mainmenu_options": "",
    "mainmenu_credits": "",
    "mainmenu_quit": "",
    "mainmenu_mods": "",
    "mainmenu_restart": "",
    "wingModule": null,
    "armModuleFactory": null,
    "armModuleFeedbacker": null,
    "visualCortexModule": null,
    "legModule": null,
    "difficulty_title": "",
    "difficulty_easy": "",
    "difficulty_normal": "",
    "difficulty_hard": "",
    "difficulty_harmless": "",
    "difficulty_lenient": "",
    "difficulty_standard": "",
    "difficulty_violent": "",
    "difficulty_brutal": "",
    "difficulty_umd": "",
    "difficulty_harmlessDescription1": "",
    "difficulty_harmlessDescription2": "",
    "difficulty_harmlessDescription3": "",
    "difficulty_lenientDescription1": "",
    "difficulty_lenientDescription2": "",
    "difficulty_lenientDescription3": "",
    "difficulty_standardDescription1": "",
    "difficulty_standardDescription2": "",
    "difficulty_standardDescription3": "",
    "difficulty_violentDescription1": "",
    "difficulty_violentDescription2": "",
    "difficulty_violentDescription3": "",
    "difficulty_brutalDescription1": "",
    "difficulty_brutalDescription2": "",
    "difficulty_brutalDescription3": "",
    "difficulty_tweakReminder": "",
    "difficulty_underConstruction": "",
    "chapter_title": "",
    "chapter_type_primary": "",
    "chapter_prelude": "",
    "chapter_act1": "",
    "chapter_act2": "",
    "chapter_act3": "",
    "chapter_type_secondary": "",
    "chapter_encore": null,
    "chapter_prime": "",
    "chapter_cyberGrind": "",
    "chapter_sandbox": "",
    "chapter_secretMission": "",
    "layer_prelude": "",
    "layer_limbo": "",
    "layer_lust": "",
    "layer_gluttony": "",
    "layer_greed": "",
    "layer_wrath": "",
    "layer_heresy": "",
    "layer_violence": "",
    "layer_fraud": "",
    "layer_treachery": "",
    "layer_prime": "",
    "level_challenge": "",
    "level_challengeCompleted": "",
    "level_fullIntroPrompt": "",
    "level_fullIntroPromptYes": "",
    "level_fullIntroPromptNo": "",
    "level_fullIntroPromptCancel": "",
    "leaderboard_anyPercent": "",
    "leaderboard_pPercent": "",
    "leaderboard_noEntries": "",
    "leaderboard_reminder": "",
    "aboutEncoreTitle": "",
    "aboutEncoreMain": "",
    "aboutEncoreButton": "",
    "encoreAvailableMainText": "",
    "encoreAvailableButton": ""
  },
  "tutorial": {
    "tutorial_introStartup1": "",
    "tutorial_introStartup2": "",
    "tutorial_introVersion1": "",
    "tutorial_introVersion2": "",
    "tutorial_introCalibration1": "",
    "tutorial_introCalibration2": "",
    "tutorial_recalibrationPrompt": "",
    "tutorial_calibrationAudio": "",
    "tutorial_calibrationVideo": "",
    "tutorial_calibrationMechanics": "",
    "tutorial_calibrationComplete1": "",
    "tutorial_calibrationComplete2": "",
    "tutorial_introReminder": "",
    "tutorial_systemsOperational": "",
    "tutorial_introLoadStatus": "",
    "tutorial_introStatusUpdate": "",
    "tutorial_audioCalibrationTitle": "",
    "tutorial_audioCalibrationWarning1": "",
    "tutorial_audioCalibrationWarning2": "",
    "tutorial_audioCalibrationWarning3": "",
    "tutorial_audioCalibrationSFXWarning1": "",
    "tutorial_audioCalibrationSFXWarning2": "",
    "tutorial_audioCalibrationSFXWarning3": "",
    "tutorial_audioCalibrationWarningPromptYes": "",
    "tutorial_audioCalibrationWarningPromptNo": "",
    "tutorial_videoCalibrationTitle": "",
    "tutorial_videoCalibrationPcDescription": "",
    "tutorial_videoCalibrationPsxDescription": "",
    "tutorial_controllerCalibrationTitle": "",
    "tutorial_controllerCalibrationSubtitle": "",
    "tutorial_controllerCalibrationTooltip": "",
    "tutorial_introID1": "",
    "tutorial_introID2": "",
    "tutorial_introLocation1": "",
    "tutorial_introLocation2": "",
    "tutorial_introObjective1": "",
    "tutorial_introObjective2": "",
    "tutorial_introRed1": "",
    "tutorial_introRed2": "",
    "tutorial_introRed3": "",
    "tutorial_punch1": "",
    "tutorial_punch2": "",
    "tutorial_slide1": "",
    "tutorial_slide2": "",
    "tutorial_dash1": "",
    "tutorial_dash2": "",
    "tutorial_dash3": "",
    "tutorial_health1": "",
    "tutorial_health2": "",
    "tutorial_walljump": "",
    "tutorial_shockwave1": "",
    "tutorial_shockwave2": "",
    "tutorial_shockwave3": "",
    "tutorial_orb1": "",
    "tutorial_orb2": ""
  },
  "ranks": {
    "rank_letter_d": "D",
    "rank_letter_c": "C",
    "rank_letter_b": "B",
    "rank_letter_a": "A",
    "rank_letter_s": "S",
    "rank_letter_p": "P",
    "D": "D",
    "C": "C",
    "B": "B",
    "A": "A",
    "S": "S",
    "P": "P"
  },
  "prelude": {
    "prelude_first_openingCredits1": "",
    "prelude_first_openingCredits2": "",
    "prelude_first_pipeClip": "",
    "prelude_first_revolverPierce1": "",
    "prelude_first_revolverPierce2": "",
    "prelude_first_parry": "",
    "prelude_first_hardDamage1": "",
    "prelude_first_hardDamage2": "",
    "prelude_first_groundSlam1": "",
    "prelude_first_groundSlam2": "",
    "prelude_second_shop": "",
    "prelude_second_doorClip": "",
    "prelude_second_changeEquipped": "",
    "prelude_third_needShotgun": "",
    "prelude_third_shotgun1": "",
    "prelude_third_shotgun2": "",
    "prelude_third_shotgun3": "",
    "prelude_third_shotgunPierce": "",
    "prelude_secret_somethingWicked": ""
  },
  "act1": {
    "act1_limboFirst_items1": "",
    "act1_limboFirst_items2": "",
    "act1_limboFirst_nailgun1": "",
    "act1_limboFirst_nailgun2": "",
    "act1_limboFirst_nailgun3": "",
    "act1_limboSecond_blueAttack": "",
    "act1_limboThird_splitDoor1": "",
    "act1_limboThird_splitDoor2": "",
    "act1_limboFourth_book": "",
    "act1_limboFourth_hank1": "",
    "act1_limboFourth_hank2": "",
    "act1_limboFourth_alternateRevolver": "",
    "act1_limboFourth_newArm": "",
    "act1_limboSecret_noclipSkip": "",
    "act1_lustFirst_knuckleblaster1": "",
    "act1_lustFirst_knuckleblaster2": "",
    "act1_lustFirst_dashJump": "",
    "act1_lustFirst_crane": "",
    "act1_lustFirst_elevator": "",
    "act1_lustSecond_feedbacker1": "",
    "act1_lustSecond_feedbacker2": "",
    "act1_lustSecond_railcannon": "",
    "act1_lustSecond_checkPoints": "",
    "act1_lustThird_water": "",
    "act1_secret": ""
  },
  "act2": {
    "act2_greedSecond_sand": "",
    "act2_greedThird_wallClip": "",
    "act2_greedThird_troll1": "",
    "act2_greedThird_troll2": "",
    "act2_greedThird_tombOfKings": "",
    "act2_greedFourth_alternateNailgun": "",
    "act2_greedFourth_v2": "",
    "act2_greedFourth_whiplash1": "",
    "act2_greedFourth_whiplash2": "",
    "act2_greedFourth_whiplash3": "",
    "act2_greedFourth_whiplashHardDamage1": "",
    "act2_greedFourth_whiplashHardDamage2": "",
    "act2_greedSecret_holdToJump1": "",
    "act2_greedSecret_holdToJump2": "",
    "act2_greedSecret_transactionComplete1": "",
    "act2_greedSecret_transactionComplete2": "",
    "act2_greed_secretDoor": "",
    "act2_wrathFirst_slingshot": "",
    "act2_wrathFirst_whiplashUnderwater": "",
    "act2_wrathFirst_waterDrained": "",
    "act2_wrathFirst_sentry": "",
    "act2_wrathSecond_jakito1": "",
    "act2_wrathSecond_jakito2": "",
    "act2_wrathSecond_jakito3": "",
    "act2_wrathSecond_neptune": "",
    "act2_wrathSecond_idol": "",
    "act2_wrathThird_rocketLauncher": "",
    "act2_wrathThird_rocketLauncherMidair": "",
    "act2_wrathThird_soldierBlock": "",
    "act2_wrathThird_hank": "",
    "act2_heresyFirst_armboy": ""
  },
  "act3": {
    "act3_violenceFirst_doorOpens": "",
    "act3_violenceSecond_guttermanTutorial": "",
    "act3_violenceSecond_guttermanTutorialNoKB": "",
    "act3_violenceSecond_biggerBoom": "",
    "act3_violenceSecond_gateControlTitle": "",
    "act3_violenceSecond_gateControlOpen": "",
    "act3_violenceSecond_gateControlClosed": "",
    "act3_violenceSecond_cartGateControlTitle": "",
    "act3_violenceSecond_cartGateControlOpen": "",
    "act3_violenceSecond_cartGateControlClosed": "",
    "act3_violenceSecond_payloadControlTitle": "",
    "act3_violenceSecond_payloadControlLower": "",
    "act3_violenceSecond_payloadControlWait": "",
    "act3_violenceSecond_payloadControlError1": "",
    "act3_violenceSecond_payloadControlError2": "",
    "act3_violenceSecond_payloadControlHell": "",
    "act3_violenceSecond_alternateShotgun": "",
    "act3_violenceThird_feedIt": "",
    "act3_violenceThird_becomeMarked": "",
    "act3_violenceThird_becomeMarkedButton": "",
    "act3_violenceThird_starOfTheShow": "",
    "act3_violenceFourth_floodingWarning": "",
    "act3_violenceFourth_magentaAttack": "",
    "act3_violenceFourth_countdownTitle": "",
    "act3_secretNotReady": ""
  },
  "encore": {
    "encorePrelude_aboutRadiantEnemies": "",
    "encorePrelude_heatResistanceWarn": "",
    "encorePrelude_heatResistanceText": "",
    "encorePrelude_heatResistanceTitle": "",
    "encorePrelude_heatResistanceRepaired": "",
    "encorePrelude_heatResistanceRepairedText": "",
    "encoreLimbo_warningText": ""
  },
  "cyberGrind": {
    "cybergrind_currentWave": "",
    "cybergrind_enemiesRemaining": "",
    "cybergrind_wave": "",
    "cybergrind_kills": "",
    "cybergrind_style": "",
    "cybergrind_time": "",
    "cybergrind_cgTitle": "",
    "cybergrind_previousRun": "",
    "cybergrind_bestRun": "",
    "cybergrind_total": "",
    "cybergrind_connectingToSteam": "",
    "cybergrind_friendScores": "",
    "cybergrind_globalScores": "",
    "cybergrind_settings": "",
    "cybergrind_settingsDescription": "",
    "cybergrind_themes": "",
    "cybergrind_music": "",
    "cybergrind_patterns": "",
    "cybergrind_waves": "",
    "cybergrind_themesTitle": "",
    "cybergrind_themesDescription": "",
    "cybergrind_themesLight": "",
    "cybergrind_themesDark": "",
    "cybergrind_themesCustom": "",
    "cybergrind_themesModify": "",
    "cybergrind_themesCustomGrid": "",
    "cybergrind_themesCustomGridGlow": "",
    "cybergrind_themesCustomSkybox": "",
    "cybergrind_themesCustomBack": "",
    "cybergrind_themesCustomReload": "",
    "cybergrind_themesCustomBase": "",
    "cybergrind_themesCustomTopRow": "",
    "cybergrind_themesCustomTop": "",
    "cybergrind_themesCustomGlowIntensity": "",
    "cybergrind_themesCustomFog": "",
    "cybergrind_themesCustomFogColor": "",
    "cybergrind_themesCustomFogDisable": "",
    "cybergrind_themesCustomFogStatic": "",
    "cybergrind_themesCustomFogDynamic": "",
    "cybergrind_themesCustomFogDisableDesc": "",
    "cybergrind_themesCustomFogStart": "",
    "cybergrind_themesCustomFogEnd": "",
    "cybergrind_themesCustomFogDefault": "",
    "cybergrind_musicTitle": "",
    "cybergrind_musicType": "",
    "cybergrind_musicCompleteChallengeRequirement": "",
    "cybergrind_musicSeeEnemyRequirement": "",
    "cybergrind_musicUnlockLevelRequirement": "",
    "cybergrind_musicCompleteLevelRequirement": "",
    "cybergrind_musicUnlocked": "",
    "cybergrind_musicConfirm": "",
    "cybergrind_musicSoundtrack": "",
    "cybergrind_musicFolderNameCyberGrind": "",
    "cybergrind_musicFolderNamePrelude": "",
    "cybergrind_musicFolderNameAct1": "",
    "cybergrind_musicFolderNameAct2": "",
    "cybergrind_musicFolderNameAct3": "",
    "cybergrind_musicFolderNameSecret": "",
    "cybergrind_musicFolderNamePrime": "",
    "cybergrind_musicFolderNameMisc": "",
    "cybergrind_musicFolderNameEncores": "",
    "cybergrind_patternsWarning": "",
    "cybergrind_patternsTitle": "",
    "cybergrind_patternsRefresh": "",
    "cybergrind_patternsLaunchExternalEditor": "",
    "cybergrind_patternsSwitchButton": "",
    "cybergrind_wavesTitle": "",
    "cybergrind_wavesDescription1": "",
    "cybergrind_wavesDescription2": "",
    "cybergrind_noPatternsSelected": ""
  },
  "primeSanctum": {
    "primeSanctum_first_insufficientlight": "",
    "primeSanctum_first_secretText1": "",
    "primeSanctum_first_secretText2": "",
    "primeSanctum_first_secretText3": "",
    "primeSanctum_first_secretText4": "",
    "primeSanctum_first_secretText5": "",
    "primeSanctum_first_secretText6": "",
    "primeSanctum_first_secretText7": "",
    "primeSanctum_first_secretText8": "",
    "primeSanctum_first_secretText9": "",
    "primeSanctum_second_lockFirstLocked": "",
    "primeSanctum_second_lockSecondLocked": "",
    "primeSanctum_second_lockThirdLocked": "",
    "primeSanctum_second_lockUnlocked": "",
    "primeSanctum_second_lockOpen": "",
    "primeSanctum_second_lockAreYouSure": "",
    "primeSanctum_second_lockYes1": "",
    "primeSanctum_second_lockYes2": "",
    "primeSanctum_second_lockYes3": "",
    "primeSanctum_second_lockYes4": "",
    "primeSanctum_second_lockYes5": "",
    "primeSanctum_second_lockNo1": "",
    "primeSanctum_second_lockNo2": "",
    "primeSanctum_second_secretText1": "",
    "primeSanctum_second_secretText2": "",
    "primeSanctum_second_secretText3": "",
    "primeSanctum_second_secretText4": "",
    "primeSanctum_second_secretText5": "",
    "primeSanctum_second_secretText6": "",
    "primeSanctum_second_secretText7": "",
    "primeSanctum_second_secretText8": "",
    "primeSanctum_second_secretText9": "",
    "primeSanctum_second_secretText10": "",
    "primeSanctum_second_secretText11": "",
    "primeSanctum_second_secretText12": "",
    "primeSanctum_second_secretText13": ""
  },
  "secretLevels": {
    "secretLevels_prelude_somethingWicked": "",
    "secretLevels_prelude_testamentTitle": "",
    "secretLevels_prelude_testament1": "",
    "secretLevels_prelude_testament2": "",
    "secretLevels_prelude_testament3": "",
    "secretLevels_prelude_testament4": "",
    "secretLevels_first_testamentTitle": "",
    "secretLevels_first_testament1": "",
    "secretLevels_first_testament2": "",
    "secretLevels_first_testament3": "",
    "secretLevels_first_testament4": "",
    "secretLevels_fourth_testamentTitle": "",
    "secretLevels_fourth_testament1": "",
    "secretLevels_fourth_testament2": "",
    "secretLevels_fourth_testament3": "",
    "secretLevels_fourth_testament4": "",
    "secretLevels_fourth_testament5": "",
    "secretLevels_fourth_testament6": "",
    "secretLevels_fourth_testament7": "",
    "secretLevels_fifth_testamentTitle": "",
    "secretLevels_fifth_testament1": "",
    "secretLevels_fifth_testament2": "",
    "secretLevels_fifth_testament3": "",
    "secretLevels_fifth_testament4": "",
    "secretLevels_fifth_testament5": "",
    "secretLevels_fifth_testament6": "",
    "secretLevels_fifth_testament7": "",
    "secretLevels_fifth_testament8": "",
    "secretLevels_fifth_testament9": "",
    "secretLevels_fifth_testament10": "",
    "secretLevels_fifth_testament11": "",
    "secretLevels_fifth_testament12": "",
    "secretLevels_seventh_testamentTitle": "",
    "secretLevels_seventh_testament1": "",
    "secretLevels_seventh_testament2": "",
    "secretLevels_seventh_testament3": "",
    "secretLevels_seventh_testament4": "",
    "secretLevels_seventh_testament5": "",
    "secretLevels_seventh_testament6": "",
    "secretLevels_seventh_testament7": "",
    "secretLevels_seventh_testament8": "",
    "secretLevels_seventh_testament9": "",
    "secretLevels_seventh_testament10": "",
    "secretLevels_complete1": "",
    "secretLevels_complete2": ""
  },
  "intermission": {
    "act1_intermission_first1": "",
    "act1_intermission_first2": "",
    "act1_intermission_first3": "",
    "act1_intermission_first4": "",
    "act1_intermission_first5": "",
    "act1_intermission_first6": "",
    "act1_intermission_first7": "",
    "act1_intermission_first8": "",
    "act1_intermission_first9": "",
    "act1_intermission_first10": "",
    "act1_intermission_first11": "",
    "act1_intermission_first12": "",
    "act1_intermission_second1": "",
    "act1_intermission_second2": "",
    "act1_intermission_second3": "",
    "act1_intermission_second4": "",
    "act1_intermission_second5": "",
    "act1_intermission_second6": "",
    "act1_intermission_second7": "",
    "act1_intermission_second8": "",
    "act1_intermission_second9": "",
    "act1_intermission_second10": "",
    "act1_intermission_second11": "",
    "act1_intermission_third1": "",
    "act1_intermission_third2": "",
    "act1_intermission_third3": "",
    "act1_intermission_third4": "",
    "act1_intermission_third5": "",
    "act1_intermission_tobecontinued": "",
    "act1_intermission_tobecontinuedshadow": "",
    "act1_intermission_endof": "",
    "act1_intermission_insertAct2": "",
    "act1_intermission_insert": "",
    "act1_intermission_returnToMenu": "",
    "act2_intermission_first1": "",
    "act2_intermission_first2": "",
    "act2_intermission_first3": "",
    "act2_intermission_first4": "",
    "act2_intermission_first5": "",
    "act2_intermission_first6": "",
    "act2_intermission_first7": "",
    "act2_intermission_first8": "",
    "act2_intermission_first9": "",
    "act2_intermission_first10": "",
    "act2_intermission_second1": "",
    "act2_intermission_second2": "",
    "act2_intermission_second3": "",
    "act2_intermission_second4": "",
    "act2_intermission_second5": "",
    "act2_intermission_second6": "",
    "act2_intermission_second7": "",
    "act2_intermission_second8": "",
    "act2_intermission_second9": "",
    "act2_intermission_second10": "",
    "act2_intermission_second11": "",
    "act2_intermission_third1": "",
    "act2_intermission_third2": "",
    "act2_intermission_third3": "",
    "act2_intermission_third4": "",
    "act2_intermission_third5": "",
    "act2_intermission_third6": "",
    "act2_intermission_third7": "",
    "act2_intermission_third8": "",
    "act2_intermission_third9": "",
    "act2_intermission_third10": "",
    "act2_intermission_fourth1": "",
    "act2_intermission_fourth2": "",
    "act2_intermission_fourth3": "",
    "act2_intermission_fourth4": "",
    "act2_intermission_fourth5": "",
    "act2_intermission_fourth6": "",
    "act2_intermission_fourth7": "",
    "act2_intermission_fourth8": "",
    "act2_intermission_fourth9": "",
    "act2_intermission_fourth10": "",
    "act2_intermission_fourth11": "",
    "act2_intermission_fourth12": "",
    "act2_intermission_fourth13": "",
    "act2_intermission_fifth1": "",
    "act2_intermission_fifth2": "",
    "act2_intermission_fifth3": "",
    "act2_intermission_fifth4": "",
    "act2_intermission_fifth5": "",
    "act2_intermission_fifth6": "",
    "act2_intermission_sixth1": "",
    "act2_intermission_sixth2": "",
    "act2_intermission_sixth3": "",
    "act2_intermission_tobecontinued": "",
    "act2_intermission_tobecontinuedshadow": "",
    "act2_intermission_endof": "",
    "act2_intermission_insertAct3": ""
  },
  "devMuseum": {
    "museum_bookHakita1": "",
    "museum_bookHakita2": "",
    "museum_bookHakita3": "",
    "museum_bookHakita4": "",
    "museum_bookHakita5": "",
    "museum_bookHakita6": "",
    "museum_bookHakita7": "",
    "museum_bookHakita8": "",
    "museum_bookHakita9": "",
    "museum_bookHakita10": "",
    "museum_bookHakita11": "",
    "museum_bookHakita12": "",
    "museum_bookHakita13": "",
    "museum_bookFrancisXie1": "",
    "museum_bookFrancisXie2": "",
    "museum_bookFrancisXie3": "",
    "museum_bookFrancisXie4": "",
    "museum_bookFrancisXie5": "",
    "museum_bookFrancisXie6": "",
    "museum_bookFrancisXie7": "",
    "museum_bookFrancisXie8": "",
    "museum_bookFrancisXie9": "",
    "museum_bookJerichoRus1": "",
    "museum_bookJerichoRus2": "",
    "museum_bookJerichoRus3": "",
    "museum_bookJerichoRus4": "",
    "museum_bookJerichoRus5": "",
    "museum_bookJerichoRus6": "",
    "museum_bookJerichoRus7": "",
    "museum_bookJerichoRus8": "",
    "museum_bookJerichoRus9": "",
    "museum_bookJerichoRus10": "",
    "museum_bookBigRockBMP1": "",
    "museum_bookBigRockBMP2": "",
    "museum_bookBigRockBMP3": "",
    "museum_bookBigRockBMP4": "",
    "museum_bookBigRockBMP5": "",
    "museum_bookBigRockBMP6": "",
    "museum_bookBigRockBMP7": "",
    "museum_bookBigRockBMP8": "",
    "museum_bookMaximilianOvesson1": "",
    "museum_bookMaximilianOvesson2": "",
    "museum_bookMaximilianOvesson3": "",
    "museum_bookVictoriaHolland1": "",
    "museum_bookVictoriaHolland2": "",
    "museum_bookVictoriaHolland3": "",
    "museum_bookVictoriaHolland4": "",
    "museum_bookVictoriaHolland5": "",
    "museum_bookVictoriaHolland6": "",
    "museum_bookVictoriaHolland7": "",
    "museum_bookVictoriaHolland8": "",
    "museum_bookToniStigell1": "",
    "museum_bookToniStigell2": "",
    "museum_bookToniStigell3": "",
    "museum_bookToniStigell4": "",
    "museum_bookToniStigell5": "",
    "museum_bookToniStigell6": "",
    "museum_bookToniStigell7": "",
    "museum_bookFlyingDog1": "",
    "museum_bookFlyingDog2": "",
    "museum_bookFlyingDog3": "",
    "museum_bookFlyingDog4": "",
    "museum_bookFlyingDog5": "",
    "museum_bookFlyingDog6": "",
    "museum_bookSamuelJamesBryan1": "",
    "museum_bookSamuelJamesBryan2": "",
    "museum_bookSamuelJamesBryan3": "",
    "museum_bookQATeam1": "",
    "museum_bookQATeam2": "",
    "museum_bookQATeam3": "",
    "museum_bookQATeam4": "",
    "museum_bookQATeam5": "",
    "museum_bookQATeam6": "",
    "museum_bookQATeam7": "",
    "museum_bookQATeam8": "",
    "museum_bookQATeam9": "",
    "museum_bookQATeam10": "",
    "museum_bookPitr1": "",
    "museum_bookPitr2": "",
    "museum_bookPitr3": "",
    "museum_bookPitr4": "",
    "museum_bookPitr5": "",
    "museum_bookPitr6": "",
    "museum_bookPitr7": "",
    "museum_bookPitr8": "",
    "museum_bookHeckteck1": "",
    "museum_bookHeckteck2": "",
    "museum_bookHeckteck3": "",
    "museum_bookCabalcrow1": "",
    "museum_bookCabalcrow2": "",
    "museum_bookCabalcrow3": "",
    "museum_bookLucasVarney1": "",
    "museum_bookLucasVarney2": "",
    "museum_bookLucasVarney3": "",
    "museum_bookBenMoir1": "",
    "museum_bookBenMoir2": "",
    "museum_bookBenMoir3": "",
    "museum_bookBenMoir4": "",
    "museum_bookMeganeko1": "",
    "museum_bookMeganeko2": "",
    "museum_bookMeganeko3": "",
    "museum_bookMeganeko4": "",
    "museum_bookKeygenChurch1": "",
    "museum_bookKeygenChurch2": "",
    "museum_bookKeygenChurch3": "",
    "museum_bookKeygenChurch4": "",
    "museum_bookHealth1": "",
    "museum_bookHealth2": "",
    "museum_bookHealth3": "",
    "museum_bookHealth4": "",
    "museum_bookHealth5": "",
    "museum_bookHealth6": "",
    "museum_bookKingGizzard1": "",
    "museum_bookKingGizzard2": "",
    "museum_bookKingGizzard3": "",
    "museum_bookKingGizzard4": "",
    "museum_bookKingGizzard5": "",
    "museum_bookKingGizzard6": "",
    "museum_bookKingGizzard7": "",
    "museum_bookKingGizzard8": "",
    "museum_bookKingGizzard9": "",
    "museum_bookKingGizzard10": "",
    "museum_bookKingGizzard11": "",
    "museum_bookKingGizzard12": "",
    "museum_bookQuetzalTirado1": "",
    "museum_bookQuetzalTirado2": "",
    "museum_bookQuetzalTirado3": "",
    "museum_bookQuetzalTirado4": "",
    "museum_bookSalad1": "",
    "museum_bookSalad2": "",
    "museum_bookSalad3": "",
    "museum_bookJacobHHR1": "",
    "museum_bookJacobHHR2": "",
    "museum_bookJacobHHR3": "",
    "museum_bookVVizard1": "",
    "museum_bookVVizard2": "",
    "museum_bookVVizard3": "",
    "museum_bookVVizard4": "",
    "museum_bookAdditionalMusic1": "",
    "museum_bookAdditionalMusic2": "",
    "museum_bookAdditionalMusic3": "",
    "museum_bookAdditionalMusic4": "",
    "museum_bookAdditionalMusic5": "",
    "museum_bookAdditionalMusic6": "",
    "museum_bookAdditionalMusic7": "",
    "museum_bookAdditionalMusic8": "",
    "museum_bookAdditionalMusic9": "",
    "museum_bookAdditionalMusic10": "",
    "museum_bookAdditionalMusic11": "",
    "museum_bookAdditionalMusic12": "",
    "museum_bookAdditionalCredits1": "",
    "museum_bookAdditionalCredits2": "",
    "museum_bookAdditionalCredits3": "",
    "museum_bookAdditionalCredits4": "",
    "museum_bookAdditionalCredits5": "",
    "museum_bookAdditionalCredits6": "",
    "museum_bookAdditionalCredits7": "",
    "museum_bookAdditionalCredits8": "",
    "museum_bookStephanWeyte1": "",
    "museum_bookStephanWeyte2": "",
    "museum_bookStephanWeyte3": "",
    "museum_bookLenvalBrown1": "",
    "museum_bookLenvalBrown2": "",
    "museum_bookLenvalBrown3": null,
    "museum_bookGianniMatragrano1": "",
    "museum_bookGianniMatragrano2": "",
    "museum_bookGianniMatragrano3": "",
    "museum_bookGianniMatragrano4": "",
    "museum_bookMandalore1": "",
    "museum_bookMandalore2": "",
    "museum_bookMandalore3": "",
    "museum_bookMandalore4": "",
    "museum_bookMandalore5": "",
    "museum_bookMandalore6": "",
    "museum_bookMandalore7": "",
    "museum_weaponsBeamcutter1": "",
    "museum_weaponsBeamcutter2": "",
    "museum_weaponsBeamcutter3": "",
    "museum_weaponsBeamcutter4": "",
    "museum_weaponsBeamcutter5": "",
    "museum_weaponsBeamcutter6": "",
    "museum_weaponsBeamcutter7": "",
    "museum_weaponsBeamcutter8": "",
    "museum_weaponsBeamcutter9": "",
    "museum_weaponsBlackHoleCannon1": "",
    "museum_weaponsBlackHoleCannon2": "",
    "museum_weaponsBlackHoleCannon3": "",
    "museum_weaponsBlackHoleCannon4": "",
    "museum_weaponsBlackHoleCannon5": "",
    "museum_weaponsBlackHoleCannon6": "",
    "museum_weaponsBlackHoleCannon7": "",
    "museum_weaponsBlackHoleCannon8": "",
    "museum_weaponsRevolver1": "",
    "museum_weaponsRevolver2": "",
    "museum_weaponsRevolver3": "",
    "museum_weaponsRevolver4": "",
    "museum_weaponsRevolver5": "",
    "museum_weaponsRevolver6": "",
    "museum_weaponsShotgun1": "",
    "museum_weaponsShotgun2": "",
    "museum_weaponsShotgun3": "",
    "museum_weaponsShotgun4": "",
    "museum_weaponsShotgun5": "",
    "museum_weaponsNailgun1": "",
    "museum_weaponsNailgun2": "",
    "museum_weaponsNailgun3": "",
    "museum_weaponsNailgun4": "",
    "museum_weaponsNailgun5": "",
    "museum_weaponsNailgun6": "",
    "museum_enemiesFilth1": "",
    "museum_enemiesFilth2": "",
    "museum_enemiesFilth3": "",
    "museum_enemiesFilth4": "",
    "museum_enemiesFilth5": "",
    "museum_enemiesFilth6": "",
    "museum_enemiesFilth7": "",
    "museum_enemiesStray1": "",
    "museum_enemiesStray2": "",
    "museum_enemiesStray3": "",
    "museum_enemiesStray4": "",
    "museum_enemiesStray5": "",
    "museum_enemiesSchism1": "",
    "museum_enemiesSchism2": "",
    "museum_enemiesSchism3": "",
    "museum_enemiesSchism4": "",
    "museum_enemiesSchism5": "",
    "museum_enemiesSchism6": "",
    "museum_enemiesSwordsmachine1": "",
    "museum_enemiesSwordsmachine2": "",
    "museum_enemiesSwordsmachine3": "",
    "museum_enemiesSwordsmachine4": "",
    "museum_enemiesSwordsmachine5": "",
    "museum_enemiesSwordsmachine6": "",
    "museum_enemiesMaliciousFace1": "",
    "museum_enemiesMaliciousFace2": "",
    "museum_enemiesMaliciousFace3": "",
    "museum_enemiesMaliciousFace4": "",
    "museum_enemiesMaliciousFace5": "",
    "museum_enemiesMaliciousFace6": "",
    "museum_enemiesMaliciousFace7": "",
    "museum_plaquesMuseumTitle": "",
    "museum_plaquesHakita1": "",
    "museum_plaquesHakita2": "",
    "museum_plaquesArtRoom": "",
    "museum_plaquesNerdRoom": "",
    "museum_plaquesRestRoom": "",
    "museum_plaquesTalkRoom": "",
    "museum_plaquesFrancisXie1": "",
    "museum_plaquesFrancisXie2": "",
    "museum_plaquesJerichoRus1": "",
    "museum_plaquesJerichoRus2": "",
    "museum_plaquesBigRockBMP1": "",
    "museum_plaquesBigRockBMP2": "",
    "museum_plaquesMaxOvesson1": "",
    "museum_plaquesMaxOvesson2": "",
    "museum_plaquesVictoriaHolland1": "",
    "museum_plaquesVictoriaHolland2": "",
    "museum_plaquesToniStigell1": "",
    "museum_plaquesToniStigell2": "",
    "museum_plaquesFlyingdog1": "",
    "museum_plaquesFlyingdog2": "",
    "museum_plaquesSamuelJamesBryan1": "",
    "museum_plaquesSamuelJamesBryan2": "",
    "museum_plaquesCameronMartin1": "",
    "museum_plaquesCameronMartin2": "",
    "museum_plaquesDaliaFigueroa1": "",
    "museum_plaquesDaliaFigueroa2": "",
    "museum_plaquesTuckerWilkin1": "",
    "museum_plaquesTuckerWilkin2": "",
    "museum_plaquesScottGurney1": "",
    "museum_plaquesScottGurney2": "",
    "museum_plaquesPitr1": "",
    "museum_plaquesPitr2": "",
    "museum_plaquesHeckteck1": "",
    "museum_plaquesHeckteck2": "",
    "museum_plaquesCabalcrow1": "",
    "museum_plaquesCabalcrow2": "",
    "museum_plaquesLucasVarney1": "",
    "museum_plaquesLucasVarney2": "",
    "museum_plaquesBenMoir1": "",
    "museum_plaquesBenMoir2": "",
    "museum_plaquesDaveOshry1": "",
    "museum_plaquesDaveOshry2": "",
    "museum_plaquesMeganeko1": "",
    "museum_plaquesMeganeko2": "",
    "museum_plaquesKeygenChurch1": "",
    "museum_plaquesKeygenChurch2": "",
    "museum_plaquesHealth1": "",
    "museum_plaquesHealth2": "",
    "museum_plaquesKingGizzard1": "",
    "museum_plaquesKingGizzard2": "",
    "museum_plaquesQuetzalTirado1": "",
    "museum_plaquesQuetzalTirado2": "",
    "museum_plaquesSalad1": "",
    "museum_plaquesSalad2": "",
    "museum_plaquesJacobHHR1": "",
    "museum_plaquesJacobHHR2": "",
    "museum_plaquesVVizard1": "",
    "museum_plaquesVVizard2": "",
    "museum_plaquesAdditionalMusic": "",
    "museum_plaquesAdditionalCredits": "",
    "museum_plaquesStephanWeyte1": "",
    "museum_plaquesStephanWeyte2": "",
    "museum_plaquesLenvalBrown1": "",
    "museum_plaquesLenvalBrown2": "",
    "museum_plaquesGianniMatragrano1": "",
    "museum_plaquesGianniMatragrano2": "",
    "museum_plaquesJoyYoung1": "",
    "museum_plaquesJoyYoung2": "",
    "museum_plaquesMandalore1": "",
    "museum_plaquesMandalore2": "",
    "museum_rocketRace1": "",
    "museum_rocketRace2": "",
    "museum_rocketRaceStart": "",
    "museum_rocketRaceResult": "",
    "museum_chessTip": "",
    "museum_chessVs": "",
    "museum_chessNewgame": "",
    "museum_chessBlack": "",
    "museum_chessWhite": "",
    "museum_chessBot": "",
    "museum_chessPlayer": "",
    "museum_chessWhitewin": "",
    "museum_chessBlackwin": "",
    "museum_chessSettingsclose": "",
    "museum_cinemaPlay": "",
    "museum_cinemaStop": "",
    "museum_spoiler1": "",
    "museum_spoiler2": "",
    "museum_spoiler3": ""
  },
  "fishing": {
    "fish_ocean": "",
    "fish_cavePool": "",
    "fish_stream": "",
    "fish_lake": "",
    "fish_lakeBloodLower": "",
    "fish_lakeHoly": "",
    "fish_lakeDeep": "",
    "fish_lakeBlood": "",
    "fish_waterWell": "",
    "fish_panOil": "",
    "fish_leaderboard": "",
    "fish_bottleMessage1": "",
    "fish_bottleMessage2": "",
    "fish_bottleMessage3": "",
    "fish_bottleMessage4": "",
    "fish_bottleMessage5": "",
    "fish_bottleMessage6": "",
    "fish_book1": "",
    "fish_book2": "",
    "fish_book3": "",
    "fish_book4": "",
    "fish_book5": "",
    "fish_book6": "",
    "fish_book7": "",
    "fish_book8": "",
    "fish_book9": "",
    "fish_book10": "",
    "fish_rodFar": "",
    "fish_rodClose": "",
    "fish_rodHooked": "",
    "fish_outOfWater": "",
    "fish_fishCaught": "",
    "fish_cookingFailed": "",
    "fish_size": "",
    "fish_living": "",
    "fish_tooSmall": "",
    "fish_baitNotWork": "",
    "fish_baitTaken": "",
    "fish_interrupted": "",
    "fish_noFishBiting": "",
    "fish_terminalTitle": "",
    "fish_funnyStupidFish": "",
    "fish_pitrFish": "",
    "fish_trout": "",
    "fish_amidEvilFish": "",
    "fish_chomper": "",
    "fish_bombFish": "",
    "fish_gibeye": "",
    "fish_ironLungFish": "",
    "fish_dopeFish": "",
    "fish_stickFish": "",
    "fish_cookedFish": "",
    "fish_shark": "",
    "fish_funnyStupidFishDescription1": "",
    "fish_funnyStupidFishDescription2": "",
    "fish_pitrFishDescription1": "",
    "fish_pitrFishDescription2": "",
    "fish_troutDescription1": "",
    "fish_troutDescription2": "",
    "fish_amidEvilFishDescription1": "",
    "fish_amidEvilFishDescription2": "",
    "fish_chomperDescription1": "",
    "fish_chomperDescription2": "",
    "fish_bombFishDescription1": "",
    "fish_bombFishDescription2": "",
    "fish_gibeyeDescription1": "",
    "fish_gibeyeDescription2": "",
    "fish_ironLungFishDescription1": "",
    "fish_ironLungFishDescription2": "",
    "fish_dopeFishDescription1": "",
    "fish_dopeFishDescription2": "",
    "fish_stickFishDescription1": "",
    "fish_stickFishDescription2": "",
    "fish_cookedFishDescription1": "",
    "fish_cookedFishDescription2": "",
    "fish_sharkDescription1": "",
    "fish_sharkDescription2": ""
  },
  "washing": {
    "wash_fakeexittext1": "",
    "wash_fakeexittext2": "",
    "wash_fakeexittext3": "",
    "wash_fakeexittext4": "",
    "wash_fakeexittext5": "",
    "wash_fakeexittext6": "",
    "wash_exitOpenText1": "",
    "wash_exitOpenText2": "",
    "wash_exitOpenText3": "",
    "wash_Clean": "",
    "wash_ToDo": "",
    "wash_bloodClean": "",
    "wash_roomCourtyard": "",
    "wash_roomLibrary": "",
    "wash_roomLobby": "",
    "wash_roomLounge": "",
    "wash_roomSideroom": "",
    "wash_littercount": "",
    "wash_Dumpster": "",
    "wash_Ground": "",
    "wash_Pillars": "",
    "wash_Walls": "",
    "wash_BackBookshelf": "",
    "wash_Ceiling": "",
    "wash_Bookshelf": "",
    "wash_Bookcases": "",
    "wash_Desk": "",
    "wash_FrontBookshelf": "",
    "wash_Sconces": "",
    "wash_Sidewall": "",
    "wash_Walkway": "",
    "wash_WindowWall": "",
    "wash_Decor": "",
    "wash_Floors": "",
    "wash_Pond": ""
  },
  "pauseMenu": {
    "pause_title": "",
    "pause_resume": "",
    "pause_respawn": "",
    "pause_skip": "",
    "pause_restart": "",
    "pause_options": "",
    "pause_quit": "",
    "pause_restartConfirm": "",
    "pause_quitConfirm": "",
    "pause_restartConfirmYes": "",
    "pause_restartConfirmNo": "",
    "pause_quitConfirmYes": "",
    "pause_quitConfirmNo": "",
    "pause_disableWindow": ""
  },
  "options": {
    "options_title": "",
    "options_back": "",
    "category_general": "",
    "category_controls": "",
    "category_graphics": "",
    "category_audio": "",
    "category_assists": "",
    "category_saves": "",
    "category_customization": "",
    "category_hud": "",
    "category_colors": "",
    "general_weaponPosition": "",
    "general_weaponPositionRight": "",
    "general_weaponPositionMiddle": "",
    "general_weaponPositionLeft": "",
    "general_rememberWeapon": "",
    "general_screen": "",
    "general_screenShake": "",
    "general_screenShakeMinimum": "",
    "general_screenShakeMaximum": "",
    "general_cameraTilt": "",
    "general_parryFlash": "",
    "general_misc": "",
    "general_restartWarning": "",
    "general_restartWarningAlwaysOn": "",
    "general_restartWarningOnlyCG": "",
    "general_restartWarningAlwaysOff": "",
    "general_sandboxOverwrite": "",
    "general_discordRpc": "",
    "general_seasonalEvent": "",
    "general_levelLeaderboards": "",
    "general_advancedOptions": "",
    "general_advancedOptionsCustomize": "",
    "controls_mouseSensitivity": "",
    "controls_xInversion": "",
    "controls_yInversion": "",
    "controls_controllerRumble": "",
    "controls_controllerRumbleCustomize": "",
    "controls_weapons": "",
    "controls_mouseWheelToChangeWeapon": "",
    "controls_scrollType": "",
    "controls_scrollTypeWeapons": "",
    "controls_scrollTypeVariations": "",
    "controls_scrollTypeAll": "",
    "controls_reverseScroll": "",
    "controls_redrawBehaviour": "",
    "controls_redrawNext": "",
    "controls_redrawFirst": "",
    "controls_redrawSame": "",
    "controls_bindings": "",
    "controls_movement": "",
    "controls_move": "",
    "controls_dodge": "",
    "controls_slide": "",
    "controls_jump": "",
    "controls_weaponTitle": "",
    "controls_primaryFire": "",
    "controls_secondaryFire": "",
    "controls_nextVariation": "",
    "controls_previousVariation": "",
    "controls_revolver": "",
    "controls_shotgun": "",
    "controls_nailgun": "",
    "controls_railcannon": "",
    "controls_rocketLauncher": "",
    "controls_spawnerArm": "",
    "controls_nextWeapon": "",
    "controls_previousWeapon": "",
    "controls_lastUsedWeapon": "",
    "controls_variationSlot1": "",
    "controls_variationSlot2": "",
    "controls_variationSlot3": "",
    "controls_fist": "",
    "controls_punch": "",
    "controls_changeFist": "",
    "controls_punchFeedbacker": "",
    "controls_punchKnuckleblaster": "",
    "controls_whiplash": "",
    "controls_boundMultiple": "",
    "graphics_resolution": "",
    "graphics_fullscreen": "",
    "graphics_maxFps": "",
    "graphics_maxFpsNone": "",
    "graphics_maxFps2x": "",
    "graphics_vsync": "",
    "graphics_fieldOfVision": "",
    "graphics_gamma": "",
    "graphics_disableNewShaders": null,
    "graphics_filters": "",
    "graphics_filtersDescription": "",
    "graphics_pixelisation": "",
    "graphics_pixelisationNone": "",
    "graphics_pixelisation720p": "",
    "graphics_pixelisation480p": "",
    "graphics_pixelisation360p": "",
    "graphics_pixelisation240p": "",
    "graphics_pixelisation144p": "",
    "graphics_pixelisation36p": "",
    "graphics_dithering": "",
    "graphics_ditheringMinimum": "",
    "graphics_textureWarping": "",
    "graphics_vertexWarping": "",
    "graphics_vertexWarpingNone": "",
    "graphics_vertexWarpingLight": "",
    "graphics_vertexWarpingMedium": "",
    "graphics_vertexWarpingStrong": "",
    "graphics_vertexWarpingVeryStrong": "",
    "graphics_vertexWarpingAbsurd": "",
    "graphics_customColorPalette": "",
    "graphics_customColorPaletteSelect": "",
    "graphics_colorCompression": "",
    "graphics_colorCompressionNone": "",
    "graphics_colorCompressionLight": "",
    "graphics_colorCompressionMedium": "",
    "graphics_colorCompressionStrong": "",
    "graphics_colorCompressionVeryStrong": "",
    "graphics_colorCompressionAbsurd": "",
    "graphics_performance": "",
    "graphics_performanceSimpleExplosions": "",
    "graphics_performanceSimpleFire": "",
    "graphics_performanceSimpleSpawn": "",
    "graphics_performanceDisableEnviParticles": "",
    "graphics_performanceDisableEnviHitParticles": "",
    "graphics_performanceDisableHeatWaves": "",
    "graphics_gore": "",
    "graphics_goreNote": "",
    "graphics_goreEnable": "",
    "graphics_goreDisablePhysics": "",
    "graphics_goreMaxBloodStains": "",
    "graphics_goreBloodChance": "",
    "graphics_goreMaxGore": "",
    "audio_volume": "",
    "audio_subtitles": "",
    "audio_globalVolume": "",
    "audio_soundEffectsVolume": "",
    "audio_musicVolume": "",
    "audio_muffleMusic": "",
    "audio_dubbing": "",
    "audio_dubbing_extra": null,
    "hud_type": "",
    "hud_typeNone": "",
    "hud_typeStandard": "",
    "hud_typeClassicColor": "",
    "hud_typeClassicWhite": "",
    "hud_hudElements": "",
    "hud_backgroundOpacity": "",
    "hud_backgroundOpacityMinimum": "",
    "hud_backgroundOpacityMaximum": "",
    "hud_alwaysOnTop": "",
    "hud_icons": "",
    "hud_weaponIcon": "",
    "hud_armIcon": "",
    "hud_railcannonMeter": "",
    "hud_styleMeter": "",
    "hud_styleInfo": "",
    "hud_speedoMeterText": "",
    "hud_speedoMeterTypeOff": "",
    "hud_speedoMeterTypeOn": "",
    "hud_speedoMeterTypeHorizonal": "",
    "hud_speedoMeterTypeVertical": "",
    "crosshair_title": "",
    "crosshair_type": "",
    "crosshair_typeNone": "",
    "crosshair_typeSmall": "",
    "crosshair_typeLarge": "",
    "crosshair_color": "",
    "crosshair_colorInverted": "",
    "crosshair_colorWhite": "",
    "crosshair_colorGrey": "",
    "crosshair_colorBlack": "",
    "crosshair_colorRed": "",
    "crosshair_colorGreen": "",
    "crosshair_colorBlue": "",
    "crosshair_colorCyan": "",
    "crosshair_colorYellow": "",
    "crosshair_colorMagenta": "",
    "crosshair_size": "",
    "crosshair_sizeNone": "",
    "crosshair_sizeThin": "",
    "crosshair_sizeMedium": "",
    "crosshair_sizeThick": "",
    "crosshair_sizeVeryThick": "",
    "crosshair_hudFade": "",
    "crosshair_powerupBar": "",
    "assists_title": "",
    "assists_majorAssistsDisclaimer1": "",
    "assists_majorAssistsDisclaimer2": "",
    "assists_majorAssistsDisclaimer3": "",
    "assists_majorAssistsDisclaimerConfirm": "",
    "assists_majorAssistsDisclaimerConfirmYes": "",
    "assists_majorAssistsDisclaimerConfirmNo": "",
    "assists_minorAssistsTitle": "",
    "assists_minor": "",
    "assists_autoAim": "",
    "assists_autoAimPercent": "",
    "assists_autoAimPercentMinimum": "",
    "assists_autoAimPercentMaximum": "",
    "assists_enemySilhouettes": "",
    "assists_enemySilhouettesOutlines": "",
    "assists_enemySilhouettesDistance": "",
    "assists_enemySilhouettesDistanceMinimum": "",
    "assists_enemySilhouettesNone": "",
    "assists_enemySilhouettesOutlinesOnly": "",
    "assists_enemySilhouettesFull": "",
    "assists_enemySilhouettesOutlineThickness": "",
    "assists_major": "",
    "assists_majorActivate": "",
    "assists_gameSpeed": "",
    "assists_damageTaken": "",
    "assists_bossOverride": "",
    "assists_bossRestartRequired": "",
    "assists_bossOverrideNone": "",
    "assists_infiniteEnergy": "",
    "assists_disableWhiplashHardDamage": "",
    "assists_disableHardDamage": "",
    "assists_disableWeaponFreshness": "",
    "assists_disablePopupHints": "",
    "colors_title": "",
    "colors_reset": "",
    "colors_hudHealth": "",
    "colors_hudHealthNumber": "",
    "colors_hudDamage": "",
    "colors_hudHardDamage": "",
    "colors_hudOverheal": "",
    "colors_hudEnergyFull": "",
    "colors_hudEnergyPartial": "",
    "colors_hudEnergyEmpty": "",
    "colors_railcannonFull": "",
    "colors_railcannonPartial": "",
    "colors_variationBlue": "",
    "colors_variationGreen": "",
    "colors_variationRed": "",
    "colors_variationGold": "",
    "colors_enemies": "",
    "save_select": "",
    "save_selected": "",
    "save_delete": "",
    "save_warning1": "",
    "save_warning2": "",
    "save_reloadYes": "",
    "save_reloadNo": "",
    "save_deleteWarning1": "",
    "save_deleteWarning2": "",
    "save_deleteYes": "",
    "save_deleteNo": "",
    "save_close": "",
    "save_slotEmpty": "",
    "save_slot1": "",
    "save_slot2": "",
    "save_slot3": "",
    "save_slot4": "",
    "save_slot5": "",
    "save_failMergeError1": "",
    "save_failMergeError2": "",
    "save_failMergeError3": "",
    "save_failMergeErrorQuitButton": "",
    "save_saveloadFailError1": "",
    "save_saveloadFailError2": "",
    "save_saveloadFailError3": "",
    "save_saveloadFailError4": "",
    "save_saveloadFailError5": "",
    "save_saveloadFailError6": "",
    "save_saveloadFailError7": "",
    "save_saveloadFailError8": "",
    "save_saveloadFailError9": "",
    "save_saveloadFailError10": "",
    "rumble_title": "",
    "rumble_finalMultiplier": "",
    "rumble_coinToss": "",
    "rumble_dash": "",
    "rumble_heavyFallImpact": "",
    "rumble_heavyFall": "",
    "rumble_gunFire": "",
    "rumble_gunFireProjectile": "",
    "rumble_gunFireStrong": "",
    "rumble_nailgunFire": "",
    "rumble_railcannonIdle": "",
    "rumble_revolverCharge": "",
    "rumble_sawblade": "",
    "rumble_shotgunCharge": "",
    "rumble_superSaw": "",
    "rumble_jump": "",
    "rumble_magnet": "",
    "rumble_parryFlash": "",
    "rumble_punch": "",
    "rumble_slide": "",
    "rumble_whiplashThrow": "",
    "rumble_whiplashPull": "",
    "rumble_intensity": "",
    "rumble_endDelay": "",
    "rumble_reset": "",
    "rumble_weaponWheel": "",
    "advanced_title": "",
    "advanced_currentLevel": "",
    "advanced_cybergrindResetText1": "",
    "advanced_cybergrindResetText2": "",
    "advanced_cybergrindResetCancel": "",
    "advanced_cybergrindResetConfirm": "",
    "advanced_cybergrindLocalHighScore": "",
    "advanced_cybergrindResetButton": "",
    "advanced_level52": "",
    "advanced_level71": "",
    "advanced_level73": "",
    "advanced_level7S": "",
    "advanced_levelP2": null,
    "advanced_52WaterScrolling": "",
    "advanced_52WaterWaves": "",
    "advanced_71Dark": "",
    "advanced_73Grass": "",
    "advanced_7SHard": "",
    "advanced_P2DisableTunnelScrolling": null,
    "language_title": "",
    "language_languages": "",
    "language_openLanguageFolder": ""
  },
  "levelNames": {
    "levelName_mainMenu": "",
    "levelName_cybergrind": "",
    "levelName_sandbox": "",
    "levelName_tutorial": "",
    "levelName_devMuseum": "",
    "levelName_preludeFirst": "",
    "levelName_preludeSecond": "",
    "levelName_preludeThird": "",
    "levelName_preludeFourth": "",
    "levelName_preludeFifth": "",
    "levelName_preludeSecret": "",
    "levelName_limboFirst": "",
    "levelName_limboSecond": "",
    "levelName_limboThird": "",
    "levelName_limboFourth": "",
    "levelName_limboSecret": "",
    "levelName_lustFirst": "",
    "levelName_lustSecond": "",
    "levelName_lustThird": "",
    "levelName_lustFourth": "",
    "levelName_lustSecret": "",
    "levelName_gluttonyFirst": "",
    "levelName_gluttonySecond": "",
    "levelName_greedFirst": "",
    "levelName_greedSecond": "",
    "levelName_greedThird": "",
    "levelName_greedFourth": "",
    "levelName_greedSecret": "",
    "levelName_wrathFirst": "",
    "levelName_wrathSecond": "",
    "levelName_wrathThird": "",
    "levelName_wrathFourth": "",
    "levelName_wrathSecret": "",
    "levelName_heresyFirst": "",
    "levelName_heresySecond": "",
    "levelName_violenceFirst": "",
    "levelName_violenceSecond": "",
    "levelName_violenceThird": "",
    "levelName_violenceFourth": "",
    "levelName_violenceSecret": "",
    "levelName_fraudFirst": "",
    "levelName_fraudSecond": "",
    "levelName_fraudThird": "",
    "levelName_fraudFourth": "",
    "levelName_fraudSecret": "",
    "levelName_treacheryFirst": "",
    "levelName_treacherySecond": "",
    "levelName_primeFirst": "",
    "levelName_primeSecond": "",
    "levelName_primeThird": "",
    "levelName_encorePrelude": "",
    "levelName_encoreLimbo": "",
    "levelName_encoreLust": "",
    "levelName_encoreGluttony": "",
    "levelName_encoreGreed": "",
    "levelName_encoreWrath": "",
    "levelName_encoreHeresy": "",
    "levelName_encoreViolence": "",
    "levelName_encoreFraud": "",
    "levelName_encoreTreachery": ""
  },
  "levelChallenges": {
    "challenges_preludeFirst": "",
    "challenges_preludeSecond": "",
    "challenges_preludeThird": "",
    "challenges_preludeFourth": "",
    "challenges_preludeFifth": "",
    "challenges_limboFirst": "",
    "challenges_limboSecond": "",
    "challenges_limboThird": "",
    "challenges_limboFourth": "",
    "challenges_lustFirst": "",
    "challenges_lustSecond": "",
    "challenges_lustThird": "",
    "challenges_lustFourth": "",
    "challenges_gluttonyFirst": "",
    "challenges_gluttonySecond": "",
    "challenges_greedFirst": "",
    "challenges_greedSecond": "",
    "challenges_greedThird": "",
    "challenges_greedFourth": "",
    "challenges_wrathFirst": "",
    "challenges_wrathSecond": "",
    "challenges_wrathThird": "",
    "challenges_wrathFourth": "",
    "challenges_heresyFirst": "",
    "challenges_heresySecond": "",
    "challenges_violenceFirst": "",
    "challenges_violenceSecond": "",
    "challenges_violenceThird": "",
    "challenges_violenceFourth": "",
    "challenges_fraudFirst": "",
    "challenges_fraudSecond": "",
    "challenges_fraudThird": "",
    "challenges_fraudFourth": "",
    "challenges_treacheryFirst": "",
    "challenges_treacherySecond": ""
  },
  "enemyNames": {
    "enemyname_filth": "",
    "enemyname_stray": "",
    "enemyname_schism": "",
    "enemyname_soldier": "",
    "enemyname_stalker": "",
    "enemyname_insurrectionist": "",
    "enemyname_swordsmachine": "",
    "enemyname_drone": "",
    "enemyname_streetCleaner": "",
    "enemyname_sentry": "",
    "enemyname_gutterman": "",
    "enemyname_guttertank": "",
    "enemyname_earthmover": "",
    "enemyname_idol": "",
    "enemyname_ferryman": "",
    "enemyname_leviathan": "",
    "enemyname_v2": "",
    "enemyname_v2Second": "",
    "enemyname_mindFlayer": "",
    "enemyname_malFace": "",
    "enemyname_cerberus": "",
    "enemyname_hideousMass": "",
    "enemyname_mannequin": "",
    "enemyname_minotaur": "",
    "enemyname_gabriel": "",
    "enemyname_gabrielSecond": null,
    "enemyname_virtue": "",
    "enemyname_somethingWicked": "",
    "enemyname_puppet": "",
    "enemyname_earthmoverMortar": "",
    "enemyname_earthmoverRocketLauncher": "",
    "enemyname_earthmoverTower": "",
    "enemyname_radiant_swordsmachine": "",
    "enemyname_radiant_cerberus": "",
    "enemyname_radiant_hideousMass": "",
    "enemyname_boss_cerberus": "",
    "enemyname_boss_cancerousRodent": "",
    "enemyname_boss_veryCancerousRodent": "",
    "enemyname_boss_hideousMass": "",
    "enemyname_boss_swordsmachineAgony": "",
    "enemyname_boss_swordsmachineTundra": "",
    "enemyname_boss_corpseOfKingMinos": "",
    "enemyname_boss_gabriel": "",
    "enemyname_boss_insurrectionist": "",
    "enemyname_boss_mandalore": "",
    "enemyname_boss_earthmover": "",
    "enemyname_boss_earthmoverDefence": "",
    "enemyname_boss_ferryman": "",
    "enemyname_boss_leviathan": "",
    "enemyname_boss_insurrectionistRude": "",
    "enemyname_boss_insurrectionistAngry": "",
    "enemyname_boss_gabrielSecond": "",
    "enemyname_boss_fleshPrison": "",
    "enemyname_boss_fleshPanopticon": "",
    "enemyname_boss_minosPrime": "",
    "enemyname_boss_sisyphusPrime": "",
    "enemyname_boss_bigJohninator": "",
    "enemyname_type_lesserHusk": "",
    "enemyname_type_greaterHusk": "",
    "enemyname_type_supremeHusk": "",
    "enemyname_type_lesserDemon": "",
    "enemyname_type_greaterDemon": "",
    "enemyname_type_supremeDemon": "",
    "enemyname_type_lesserMachine": "",
    "enemyname_type_greaterMachine": "",
    "enemyname_type_supremeMachine": "",
    "enemyname_type_lesserAngel": "",
    "enemyname_type_greaterAngel": "",
    "enemyname_type_supremeAngel": "",
    "enemyname_type_primeSoul": ""
  },
  "enemyBios": {
    "enemyBios_type": "",
    "enemyBios_data": "",
    "enemyBios_strategy": "",
    "enemyBios_filth_1": "",
    "enemyBios_filth_2": "",
    "enemyBios_filth_3": "",
    "enemyBios_filth_4": "",
    "enemyBios_filth_strategy1": "",
    "enemyBios_filth_strategy2": "",
    "enemyBios_stray_1": "",
    "enemyBios_stray_2": "",
    "enemyBios_stray_3": "",
    "enemyBios_stray_strategy1": "",
    "enemyBios_stray_strategy2": "",
    "enemyBios_schism_1": "",
    "enemyBios_schism_2": "",
    "enemyBios_schism_strategy1": "",
    "enemyBios_schism_strategy2": "",
    "enemyBios_schism_strategy3": "",
    "enemyBios_soldier_1": "",
    "enemyBios_soldier_2": "",
    "enemyBios_soldier_3": "",
    "enemyBios_soldier_strategy1": "",
    "enemyBios_soldier_strategy2": "",
    "enemyBios_soldier_strategy3": "",
    "enemyBios_ferryman_1": "",
    "enemyBios_ferryman_2": "",
    "enemyBios_ferryman_3": "",
    "enemyBios_ferryman_4": "",
    "enemyBios_ferryman_5": "",
    "enemyBios_ferryman_6": "",
    "enemyBios_ferryman_strategy1": "",
    "enemyBios_ferryman_strategy2": "",
    "enemyBios_ferryman_strategy3": "",
    "enemyBios_ferryman_strategy4": "",
    "enemyBios_idol_1": "",
    "enemyBios_idol_2": "",
    "enemyBios_idol_3": "",
    "enemyBios_idol_4": "",
    "enemyBios_idol_strategy1": "",
    "enemyBios_idol_strategy2": "",
    "enemyBios_idol_strategy3": "",
    "enemyBios_leviathan_1": "",
    "enemyBios_leviathan_2": "",
    "enemyBios_leviathan_3": "",
    "enemyBios_leviathan_4": "",
    "enemyBios_leviathan_strategy1": "",
    "enemyBios_leviathan_strategy2": "",
    "enemyBios_leviathan_strategy3": "",
    "enemyBios_corpseOfKingMinos_1": "",
    "enemyBios_corpseOfKingMinos_2": "",
    "enemyBios_corpseOfKingMinos_3": "",
    "enemyBios_corpseOfKingMinos_4": "",
    "enemyBios_corpseOfKingMinos_strategy1": "",
    "enemyBios_corpseOfKingMinos_strategy2": "",
    "enemyBios_corpseOfKingMinos_strategy3": "",
    "enemyBios_stalker_1": "",
    "enemyBios_stalker_2": "",
    "enemyBios_stalker_3": "",
    "enemyBios_stalker_4": "",
    "enemyBios_stalker_5": "",
    "enemyBios_stalker_strategy1": "",
    "enemyBios_stalker_strategy2": "",
    "enemyBios_stalker_strategy3": "",
    "enemyBios_stalker_strategy4": "",
    "enemyBios_insurrectionist_1": "",
    "enemyBios_insurrectionist_2": "",
    "enemyBios_insurrectionist_3": "",
    "enemyBios_insurrectionist_4": "",
    "enemyBios_insurrectionist_5": "",
    "enemyBios_insurrectionist_6": "",
    "enemyBios_insurrectionist_strategy1": "",
    "enemyBios_insurrectionist_strategy2": "",
    "enemyBios_insurrectionist_strategy3": "",
    "enemyBios_insurrectionist_strategy4": "",
    "enemyBios_swordsmachine_1": "",
    "enemyBios_swordsmachine_2": "",
    "enemyBios_swordsmachine_3": "",
    "enemyBios_swordsmachine_strategy1": "",
    "enemyBios_swordsmachine_strategy2": "",
    "enemyBios_swordsmachine_strategy3": "",
    "enemyBios_drone_1": "",
    "enemyBios_drone_2": "",
    "enemyBios_drone_strategy1": "",
    "enemyBios_drone_strategy2": "",
    "enemyBios_drone_strategy3": "",
    "enemyBios_drone_strategy4": "",
    "enemyBios_streetcleaner_1": "",
    "enemyBios_streetcleaner_2": "",
    "enemyBios_streetcleaner_strategy1": "",
    "enemyBios_streetcleaner_strategy2": "",
    "enemyBios_streetcleaner_strategy3": "",
    "enemyBios_v2_1": "",
    "enemyBios_v2_2": "",
    "enemyBios_v2_3": "",
    "enemyBios_v2_4": "",
    "enemyBios_v2_5": "",
    "enemyBios_v2_strategy1": "",
    "enemyBios_v2_strategy2": "",
    "enemyBios_v2_strategy3": "",
    "enemyBios_v2_strategy4": "",
    "enemyBios_mindflayer_1": "",
    "enemyBios_mindflayer_2": "",
    "enemyBios_mindflayer_3": "",
    "enemyBios_mindflayer_4": "",
    "enemyBios_mindflayer_5": "",
    "enemyBios_mindflayer_strategy1": "",
    "enemyBios_mindflayer_strategy2": "",
    "enemyBios_mindflayer_strategy3": "",
    "enemyBios_sentry_1": "",
    "enemyBios_sentry_2": "",
    "enemyBios_sentry_3": "",
    "enemyBios_sentry_4": "",
    "enemyBios_sentry_strategy1": "",
    "enemyBios_sentry_strategy2": "",
    "enemyBios_sentry_strategy3": "",
    "enemyBios_sentry_strategy4": "",
    "enemyBios_v2Second_1": "",
    "enemyBios_v2Second_2": "",
    "enemyBios_v2Second_3": "",
    "enemyBios_v2Second_4": "",
    "enemyBios_v2Second_strategy1": "",
    "enemyBios_v2Second_strategy2": "",
    "enemyBios_v2Second_strategy3": "",
    "enemyBios_gutterman_1": "",
    "enemyBios_gutterman_2": "",
    "enemyBios_gutterman_3": "",
    "enemyBios_gutterman_4": "",
    "enemyBios_gutterman_strategy1": "",
    "enemyBios_gutterman_strategy2": "",
    "enemyBios_gutterman_strategy3": "",
    "enemyBios_gutterman_strategy4": "",
    "enemyBios_guttertank_1": "",
    "enemyBios_guttertank_2": "",
    "enemyBios_guttertank_3": "",
    "enemyBios_guttertank_4": "",
    "enemyBios_guttertank_5": "",
    "enemyBios_guttertank_6": "",
    "enemyBios_guttertank_7": "",
    "enemyBios_guttertank_strategy1": "",
    "enemyBios_guttertank_strategy2": "",
    "enemyBios_earthmover_1": "",
    "enemyBios_earthmover_2": "",
    "enemyBios_earthmover_3": "",
    "enemyBios_earthmover_4": "",
    "enemyBios_earthmover_5": "",
    "enemyBios_earthmover_6": "",
    "enemyBios_earthmover_strategy1": "",
    "enemyBios_earthmover_strategy2": "",
    "enemyBios_maliciousFace_1": "",
    "enemyBios_maliciousFace_2": "",
    "enemyBios_maliciousFace_3": "",
    "enemyBios_maliciousFace_strategy1": "",
    "enemyBios_maliciousFace_strategy2": "",
    "enemyBios_cerberus_1": "",
    "enemyBios_cerberus_2": "",
    "enemyBios_cerberus_strategy1": "",
    "enemyBios_cerberus_strategy2": "",
    "enemyBios_cerberus_strategy3": "",
    "enemyBios_hideousMass_1": "",
    "enemyBios_hideousMass_2": "",
    "enemyBios_hideousMass_strategy1": "",
    "enemyBios_hideousMass_strategy2": "",
    "enemyBios_hideousMass_strategy3": "",
    "enemyBios_hideousMass_strategy4": "",
    "enemyBios_mannequin_1": "",
    "enemyBios_mannequin_2": "",
    "enemyBios_mannequin_3": "",
    "enemyBios_mannequin_4": "",
    "enemyBios_mannequin_5": "",
    "enemyBios_mannequin_strategy1": "",
    "enemyBios_mannequin_strategy2": "",
    "enemyBios_mannequin_strategy3": "",
    "enemyBios_minotaur_1": "",
    "enemyBios_minotaur_2": "",
    "enemyBios_minotaur_3": "",
    "enemyBios_minotaur_4": "",
    "enemyBios_minotaur_strategy1": "",
    "enemyBios_minotaur_strategy2": "",
    "enemyBios_gabriel_1": "",
    "enemyBios_gabriel_2": "",
    "enemyBios_gabriel_3": "",
    "enemyBios_gabriel_strategy1": "",
    "enemyBios_gabriel_strategy2": "",
    "enemyBios_gabrielSecond_1": "",
    "enemyBios_gabrielSecond_2": "",
    "enemyBios_gabrielSecond_3": "",
    "enemyBios_gabrielSecond_4": "",
    "enemyBios_gabrielSecond_strategy1": "",
    "enemyBios_gabrielSecond_strategy2": "",
    "enemyBios_gabrielSecond_strategy3": "",
    "enemyBios_virtue_1": "",
    "enemyBios_virtue_2": "",
    "enemyBios_virtue_3": "",
    "enemyBios_virtue_4": "",
    "enemyBios_virtue_5": "",
    "enemyBios_virtue_strategy1": "",
    "enemyBios_virtue_strategy2": "",
    "enemyBios_somethingWicked_1": "",
    "enemyBios_somethingWicked_2": "",
    "enemyBios_somethingWicked_3": "",
    "enemyBios_somethingWicked_strategy1": "",
    "enemyBios_somethingWicked_strategy2": "",
    "enemyBios_fleshPrison_1": "",
    "enemyBios_fleshPrison_2": "",
    "enemyBios_fleshPrison_3": "",
    "enemyBios_fleshPrison_strategy1": "",
    "enemyBios_fleshPrison_strategy2": "",
    "enemyBios_minosPrime_1": "",
    "enemyBios_minosPrime_2": "",
    "enemyBios_minosPrime_3": "",
    "enemyBios_minosPrime_4": "",
    "enemyBios_minosPrime_5": "",
    "enemyBios_minosPrime_6": "",
    "enemyBios_minosPrime_7": "",
    "enemyBios_minosPrime_8": "",
    "enemyBios_minosPrime_strategy1": "",
    "enemyBios_minosPrime_strategy2": "",
    "enemyBios_fleshPanopticon_1": "",
    "enemyBios_fleshPanopticon_2": "",
    "enemyBios_fleshPanopticon_strategy1": "",
    "enemyBios_fleshPanopticon_strategy2": "",
    "enemyBios_sisyphusPrime_1": "",
    "enemyBios_sisyphusPrime_2": "",
    "enemyBios_sisyphusPrime_3": "",
    "enemyBios_sisyphusPrime_4": "",
    "enemyBios_sisyphusPrime_5": "",
    "enemyBios_sisyphusPrime_6": "",
    "enemyBios_sisyphusPrime_7": "",
    "enemyBios_sisyphusPrime_8": "",
    "enemyBios_sisyphusPrime_strategy1": "",
    "enemyBios_sisyphusPrime_strategy2": ""
  },
  "shop": {
    "shop_tipofthedayTitle": "",
    "shop_tipoftheday": "",
    "shop_menu": "",
    "shop_weapons": "",
    "shop_monsters": "",
    "shop_cybergrind": "",
    "shop_returnToMission": "",
    "shop_sandbox": "",
    "shop_soulOrbs": "",
    "shop_moneyCount": "",
    "shop_lotsOfMoney": "",
    "shop_equipped": "",
    "shop_unequipped": "",
    "shop_cybergrindDescription1": "",
    "shop_cybergrindDescription2": "",
    "shop_cybergrindDescription3": "",
    "shop_cybergrindEnterTitle": "",
    "shop_cybergrindEnter": "",
    "shop_returningTo": "",
    "shop_cybergrindExitTitle": "",
    "shop_cybergrindExit": "",
    "shop_sandboxTitle": "",
    "shop_sandboxDescription1": "",
    "shop_sandboxDescription2": "",
    "shop_sandboxEnter": "",
    "shop_back": "",
    "shop_weaponInfo": "",
    "shop_weaponColors": "",
    "shop_weaponsRevolver": "",
    "shop_weaponsShotgun": "",
    "shop_weaponsNailgun": "",
    "shop_weaponsRailcannon": "",
    "shop_weaponsRocketLauncher": "",
    "shop_weaponsArms": "",
    "shop_revolverPiercer": "",
    "shop_revolverPiercerDescription1": "",
    "shop_revolverPiercerDescription2": "",
    "shop_revolverMarksman": "",
    "shop_revolverMarksmanDescription1": "",
    "shop_revolverMarksmanDescription2": "",
    "shop_revolverMarksmanDescription3": "",
    "shop_revolverSharpshooter": "",
    "shop_revolverSharpshooterDescription1": "",
    "shop_revolverSharpshooterDescription2": "",
    "shop_shotgunCoreEject": "",
    "shop_shotgunCoreEjectDescription1": "",
    "shop_shotgunCoreEjectDescription2": "",
    "shop_shotgunCoreEjectDescription3": "",
    "shop_shotgunPumpCharge": "",
    "shop_shotgunPumpChargeDescription1": "",
    "shop_shotgunPumpChargeDescription2": "",
    "shop_shotgunSawedOn": "",
    "shop_shotgunSawedOnDescription1": "",
    "shop_shotgunSawedOnDescription2": "",
    "shop_shotgunSawedOnDescription3": "",
    "shop_nailgunMagnet": "",
    "shop_nailgunMagnetDescription1": "",
    "shop_nailgunMagnetDescription2": "",
    "shop_nailgunOverheat": "",
    "shop_nailgunOverheatDescription1": "",
    "shop_nailgunOverheatDescription2": "",
    "shop_nailgunJumpStart": "",
    "shop_nailgunJumpStartDescription1": "",
    "shop_nailgunJumpStartDescription2": "",
    "shop_railcannonElectric": "",
    "shop_railcannonElectricDescription1": "",
    "shop_railcannonElectricDescription2": "",
    "shop_railcannonElectricDescription3": "",
    "shop_railcannonScrewdriver": "",
    "shop_railcannonScrewdriverDescription1": "",
    "shop_railcannonScrewdriverDescription2": "",
    "shop_railcannonMalicious": "",
    "shop_railcannonMaliciousDescription1": "",
    "shop_railcannonMaliciousDescription2": "",
    "shop_rocketLauncherFreeze": "",
    "shop_rocketLauncherFreezeDescription1": "",
    "shop_rocketLauncherFreezeDescription2": "",
    "shop_rocketLauncherFreezeDescription3": null,
    "shop_rocketLauncherSrsCannon": "",
    "shop_rocketLauncherSrsCannonDescription1": "",
    "shop_rocketLauncherSrsCannonDescription2": "",
    "shop_rocketLauncherSrsCannonDescription3": "",
    "shop_rocketLauncherFireStarter": "",
    "shop_rocketLauncherFireStarterDescription1": "",
    "shop_rocketLauncherFireStarterDescription2": "",
    "shop_armFeedbacker": "",
    "shop_armFeedbackerDescription1": "",
    "shop_armFeedbackerDescription2": "",
    "shop_armKnuckleblaster": "",
    "shop_armKnuckleblasterDescription1": "",
    "shop_armKnuckleblasterDescription2": "",
    "shop_armWhiplash": "",
    "shop_armWhiplashDescription1": "",
    "shop_armWhiplashDescription2": "",
    "shop_data": "",
    "shop_strategy": "",
    "shop_advancedStrategy": "",
    "shop_loreRevolver1": "",
    "shop_loreRevolver2": "",
    "shop_loreRevolver3": "",
    "shop_loreRevolver4": "",
    "shop_loreRevolver5": "",
    "shop_loreRevolver6": "",
    "shop_loreRevolver7": "",
    "shop_loreRevolver8": "",
    "shop_loreRevolver9": "",
    "shop_loreRevolver10": "",
    "shop_loreShotgun1": "",
    "shop_loreShotgun2": "",
    "shop_loreShotgun3": "",
    "shop_loreShotgun4": "",
    "shop_loreShotgun5": "",
    "shop_loreShotgun6": "",
    "shop_loreShotgun7": "",
    "shop_loreShotgun8": "",
    "shop_loreShotgun9": "",
    "shop_loreNailgun1": "",
    "shop_loreNailgun2": "",
    "shop_loreNailgun3": "",
    "shop_loreNailgun4": "",
    "shop_loreNailgun5": "",
    "shop_loreNailgun6": "",
    "shop_loreNailgun7": "",
    "shop_loreNailgun8": "",
    "shop_loreNailgun9": "",
    "shop_loreRailcannon1": "",
    "shop_loreRailcannon2": "",
    "shop_loreRailcannon3": "",
    "shop_loreRailcannon4": "",
    "shop_loreRailcannon5": "",
    "shop_loreRailcannon6": "",
    "shop_loreRailcannon7": "",
    "shop_loreRailcannon8": "",
    "shop_loreRailcannon9": "",
    "shop_loreRocketLauncher1": "",
    "shop_loreRocketLauncher2": "",
    "shop_loreRocketLauncher3": "",
    "shop_loreRocketLauncher4": "",
    "shop_loreRocketLauncher5": "",
    "shop_loreRocketLauncher6": "",
    "shop_loreRocketLauncher7": "",
    "shop_loreRocketLauncher8": "",
    "shop_loreRocketLauncher9": "",
    "shop_loreRocketLauncher10": "",
    "shop_loreRocketLauncher11": "",
    "shop_loreRocketLauncher12": "",
    "shop_loreRocketLauncher13": "",
    "shop_loreRocketLauncher14": "",
    "shop_loreRocketLauncher15": "",
    "shop_revolverPreset1": "",
    "shop_revolverPreset2": "",
    "shop_revolverPreset3": "",
    "shop_revolverPreset4": "",
    "shop_revolverPreset5": "",
    "shop_shotgunPreset1": "",
    "shop_shotgunPreset2": "",
    "shop_shotgunPreset3": "",
    "shop_shotgunPreset4": "",
    "shop_shotgunPreset5": "",
    "shop_nailgunPreset1": "",
    "shop_nailgunPreset2": "",
    "shop_nailgunPreset3": "",
    "shop_nailgunPreset4": "",
    "shop_nailgunPreset5": "",
    "shop_railcannonPreset1": "",
    "shop_railcannonPreset2": "",
    "shop_railcannonPreset3": "",
    "shop_railcannonPreset4": "",
    "shop_railcannonPreset5": "",
    "shop_rocketlauncherPreset1": "",
    "shop_rocketlauncherPreset2": "",
    "shop_rocketlauncherPreset3": "",
    "shop_rocketlauncherPreset4": "",
    "shop_rocketlauncherPreset5": "",
    "shop_colorsPreset": "",
    "shop_colorsCustom": "",
    "shop_colorsDone": "",
    "shop_colorsStandard": "",
    "shop_colorsAlternative": "",
    "shop_colorsCustomUnlockPrompt": ""
  },
  "levelTips": {
    "leveltips_preludeSecond1": "",
    "leveltips_preludeSecond2": "",
    "leveltips_preludeThird1": "",
    "leveltips_preludeThird2": "",
    "leveltips_preludeThird3": "",
    "leveltips_preludeFourth1": "",
    "leveltips_preludeFourth2": "",
    "leveltips_preludeFifth": "",
    "leveltips_limboFirst": "",
    "leveltips_limboSecond": "",
    "leveltips_limboThird1": "",
    "leveltips_limboThird2": "",
    "leveltips_limboFourth": "",
    "leveltips_lustFirst": "",
    "leveltips_lustSecond1": "",
    "leveltips_lustSecond2": "",
    "leveltips_lustSecond3": "",
    "leveltips_lustThird": "",
    "leveltips_lustFourth1": "",
    "leveltips_lustFourth2": "",
    "leveltips_gluttonyFirst": "",
    "leveltips_gluttonySecond1": "",
    "leveltips_gluttonySecond2": "",
    "leveltips_greedFirst": "",
    "leveltips_greedSecond": "",
    "leveltips_greedThird": "",
    "leveltips_greedFourth": "",
    "leveltips_wrathFirst": "",
    "leveltips_wrathSecond": "",
    "leveltips_wrathThird": "",
    "leveltips_wrathThirdBroken": "",
    "leveltips_wrathFourth1": "",
    "leveltips_wrathFourth2": "",
    "leveltips_heresyFirst1": "",
    "leveltips_heresyFirst2": "",
    "leveltips_heresySecond1": "",
    "leveltips_heresySecond2": "",
    "leveltips_violenceFirst": "",
    "leveltips_violenceSecond": "",
    "leveltips_violenceThird": "",
    "leveltips_violenceFourth": "",
    "leveltips_violenceSecret": "",
    "leveltips_fraudFirst": "",
    "leveltips_fraudSecond": "",
    "leveltips_fraudThird": "",
    "leveltips_fraudFourth": "",
    "leveltips_treacheryFirst": "",
    "leveltips_treacherySecond": "",
    "leveltips_encorePrelude1": "",
    "leveltips_encorePrelude2": "",
    "leveltips_encoreLimbo": "",
    "leveltips_encoreLust": "",
    "leveltips_encoreGluttony": "",
    "leveltips_encoreGreed": "",
    "leveltips_encoreWrath": "",
    "leveltips_encoreHeresy": "",
    "leveltips_encoreViolence": "",
    "leveltips_encoreFraud": "",
    "leveltips_encoreTreachery": "",
    "leveltips_primeFirst1": "",
    "leveltips_primeFirst2": "",
    "leveltips_primeSecond": "",
    "leveltips_primeThird": "",
    "leveltips_cybergrind": "",
    "leveltips_sandbox1": "",
    "leveltips_sandbox2": "",
    "leveltips_devMuseum": ""
  },
  "books": {
    "books_scanning": "",
    "books_pressToClose1": "",
    "books_pressToClose2": "",
    "books_limboFourth1": "",
    "books_limboFourth2": "",
    "books_limboFourth3": "",
    "books_limboFourth4": "",
    "books_limboFourth5": "",
    "books_lustSecond1": "",
    "books_lustSecond2": "",
    "books_lustSecond3": "",
    "books_lustSecond4": "",
    "books_lustSecond5": "",
    "books_greedSecond1": "",
    "books_greedSecond2": "",
    "books_greedSecond3": "",
    "books_greedSecond4": "",
    "books_greedSecond5": "",
    "books_greedSecond6": "",
    "books_greedThird1": "",
    "books_greedThird2": "",
    "books_greedThird3": "",
    "books_greedThird4": "",
    "books_wrathSecond1": "",
    "books_wrathSecond2": "",
    "books_wrathSecond3": "",
    "books_wrathSecond4": "",
    "books_wrathSecond5": "",
    "books_wrathSecond6": "",
    "books_wrathSecond7": "",
    "books_wrathSecond8": "",
    "books_wrathSecond9": "",
    "books_violenceFirst1": "",
    "books_violenceFirst2": "",
    "books_violenceFirst3": "",
    "books_violenceFirst4": "",
    "books_violenceFirst5": "",
    "books_violenceFirst6": "",
    "books_violenceFirst7": "",
    "books_violenceFirst8": "",
    "books_violenceFirst9": "",
    "books_violenceFirst_Slate1": "",
    "books_violenceFirst_Slate2": "",
    "books_violenceFirst_Slate3": "",
    "books_violenceFirst_Slate4": "",
    "books_violenceSecond1": "",
    "books_violenceSecond2": "",
    "books_violenceSecondAmbush1": "",
    "books_violenceSecondAmbush2": "",
    "books_violenceSecondAmbush3": "",
    "books_violenceSecondAmbush4": "",
    "books_violenceFourth1": "",
    "books_violenceFourth2": "",
    "books_violenceFourth3": "",
    "books_violenceFourth4": "",
    "books_violenceFourth5": "",
    "books_violenceSecret_Slate1": "",
    "books_violenceSecret_Slate2": ""
  },
  "visualnovel": {
    "visualnovel_mirageName1": "",
    "visualnovel_mirageName2": "",
    "visualnovel_mirageName3": "",
    "visualnovel_introFirst1": "",
    "visualnovel_introFirst2": "",
    "visualnovel_introFirst3": "",
    "visualnovel_introFirst4": "",
    "visualnovel_introFirst5": "",
    "visualnovel_introFirst6": "",
    "visualnovel_introFirst7": "",
    "visualnovel_introSecond1": "",
    "visualnovel_introSecond2": "",
    "visualnovel_introSecond3": "",
    "visualnovel_introSecond4": "",
    "visualnovel_introSecond5": "",
    "visualnovel_introSecond6": "",
    "visualnovel_introSecond7": "",
    "visualnovel_introSecond8": "",
    "visualnovel_fallen1": "",
    "visualnovel_fallenPromptFirst1": "",
    "visualnovel_fallenPromptFirst2": "",
    "visualnovel_fallenPromptFirst3": "",
    "visualnovel_fallenResponseFirst": "",
    "visualnovel_fallenResponseSecond": "",
    "visualnovel_fallenResponseThird1": "",
    "visualnovel_fallenResponseThird2": "",
    "visualnovel_fallenPromptSecond1": "",
    "visualnovel_fallenPromptSecond2": "",
    "visualnovel_fallenPromptSecond3": "",
    "visualnovel_fallenResponseFourth": "",
    "visualnovel_fallenResponseFifth": "",
    "visualnovel_kindFirst1": "",
    "visualnovel_kindFirst2": "",
    "visualnovel_kindSecond": "",
    "visualnovel_kindThird": "",
    "visualnovel_rudeFirst1": "",
    "visualnovel_rudeFirst2": "",
    "visualnovel_rudeSecond": "",
    "visualnovel_rudeThird": "",
    "visualnovel_middlePrompt1": "",
    "visualnovel_middlePrompt2": "",
    "visualnovel_middlePrompt3": "",
    "visualnovel_middleResponseFirst1": "",
    "visualnovel_middleResponseFirst2": "",
    "visualnovel_middleResponseFirst3": "",
    "visualnovel_middleResponseFirst4": "",
    "visualnovel_middleResponseFirst5": "",
    "visualnovel_middleResponseFirst6": "",
    "visualnovel_middleResponseSecond1": "",
    "visualnovel_middleResponseSecond2": "",
    "visualnovel_middleResponseSecond3": "",
    "visualnovel_middleResponseSecond4": "",
    "visualnovel_middleResponseThird1": "",
    "visualnovel_middleResponseThird2": "",
    "visualnovel_middleResponseThird3": "",
    "visualnovel_middlePromptSecondRecklessness": "",
    "visualnovel_middlePromptSecondWaiting": "",
    "visualnovel_recklessnessFirst": "",
    "visualnovel_recklessnessSecond1": "",
    "visualnovel_recklessnessSecond2": "",
    "visualnovel_recklessnessPrompt1": "",
    "visualnovel_recklessnessPrompt2": "",
    "visualnovel_recklessnessResponseFirst1": "",
    "visualnovel_recklessnessResponseFirst2": "",
    "visualnovel_recklessnessResponseFirst3": "",
    "visualnovel_recklessnessResponseFirst4": "",
    "visualnovel_recklessnessResponseFirst5": "",
    "visualnovel_recklessnessResponseSecond1": "",
    "visualnovel_recklessnessResponseSecond2": "",
    "visualnovel_recklessnessPrompt3": "",
    "visualnovel_recklessnessResponseThird": "",
    "visualnovel_waitingFirst": "",
    "visualnovel_waitingSecond": "",
    "visualnovel_waitingThird1": "",
    "visualnovel_waitingThird2": "",
    "visualnovel_waitingPromptFirst1": "",
    "visualnovel_waitingPromptFirst2": "",
    "visualnovel_waitingResponseFirst1": "",
    "visualnovel_waitingResponseFirst2": "",
    "visualnovel_waitingResponseFirst3": "",
    "visualnovel_waitingResponseFirst4": "",
    "visualnovel_waitingResponseSecond1": "",
    "visualnovel_waitingResponseSecond2": "",
    "visualnovel_waitingPromptThird": "",
    "visualnovel_waitingResponseThird1": "",
    "visualnovel_waitingResponseThird2": "",
    "visualnovel_waitingResponseThird3": "",
    "visualnovel_nihilism1": "",
    "visualnovel_nihilism2": "",
    "visualnovel_nihilism3": "",
    "visualnovel_nihilism4": "",
    "visualnovel_nihilism5": "",
    "visualnovel_nihilism6": "",
    "visualnovel_nihilism7": "",
    "visualnovel_nihilism8": "",
    "visualnovel_nihilism9": "",
    "visualnovel_nihilism10": "",
    "visualnovel_nihilism11": "",
    "visualnovel_nihilism12": "",
    "visualnovel_nihilism13": "",
    "visualnovel_nihilism14": "",
    "visualnovel_nihilism15": "",
    "visualnovel_nihilism16": "",
    "visualnovel_nihilism17": "",
    "visualnovel_nihilism18": "",
    "visualnovel_nihilism19": "",
    "visualnovel_nihilism20": "",
    "visualnovel_nihilism21": "",
    "visualnovel_nihilism22": "",
    "visualnovel_nihilism23": "",
    "visualnovel_nihilism24": "",
    "visualnovel_nihilism25": "",
    "visualnovel_nihilism26": "",
    "visualnovel_nihilism27": "",
    "visualnovel_nihilism28": "",
    "visualnovel_nihilism29": "",
    "visualnovel_nihilism30": "",
    "visualnovel_nihilism31": "",
    "visualnovel_nihilism32": "",
    "visualnovel_nihilism33": "",
    "visualnovel_nihilism34": "",
    "visualnovel_nihilism35": "",
    "visualnovel_nihilism36": "",
    "visualnovel_nihilism37": "",
    "visualnovel_nihilism38": "",
    "visualnovel_nihilism39": "",
    "visualnovel_nihilism40": "",
    "visualnovel_nihilism41": "",
    "visualnovel_nihilism42": "",
    "visualnovel_nihilism43": "",
    "visualnovel_nihilismPrompt1": "",
    "visualnovel_nihilismPrompt2": "",
    "visualnovel_nihilismPrompt3": "",
    "visualnovel_nihilismPrompt4": "",
    "visualnovel_nihilismPrompt5": "",
    "visualnovel_nihilismPrompt6": "",
    "visualnovel_nihilismPrompt7": "",
    "visualnovel_nihilismPrompt8": "",
    "visualnovel_nihilismPrompt9": "",
    "visualnovel_nihilismPrompt10": "",
    "visualnovel_nihilismPrompt11": "",
    "visualnovel_nihilismPrompt12": "",
    "visualnovel_nihilismPrompt13": "",
    "visualnovel_nihilismPrompt14": "",
    "visualnovel_nihilismPrompt15": "",
    "visualnovel_nihilismPrompt16": "",
    "visualnovel_nihilismPrompt17": "",
    "visualnovel_nihilismPrompt18": "",
    "visualnovel_nihilismPrompt19": "",
    "visualnovel_nihilismPrompt20": "",
    "visualnovel_nihilismPrompt21": "",
    "visualnovel_nihilismPrompt22": "",
    "visualnovel_nihilismPrompt23": "",
    "visualnovel_nihilismPrompt24": null,
    "visualnovel_nihilismPrompt25": null,
    "visualnovel_conclusion1": "",
    "visualnovel_conclusion2": "",
    "visualnovel_conclusion3": "",
    "visualnovel_conclusion4": "",
    "visualnovel_conclusion5": "",
    "visualnovel_conclusion6": "",
    "visualnovel_conclusion7": "",
    "visualnovel_conclusion8": "",
    "visualnovel_conclusion9": "",
    "visualnovel_conclusion10": "",
    "visualnovel_conclusion11": "",
    "visualnovel_conclusionPrompt1": "",
    "visualnovel_conclusionPrompt2": "",
    "visualnovel_conclusionResponseFirst1": "",
    "visualnovel_conclusionResponseFirst2": "",
    "visualnovel_conclusionResponseFirst3": "",
    "visualnovel_conclusionResponseSecond1": "",
    "visualnovel_conclusionResponseSecond2": "",
    "visualnovel_conclusionResponseSecond3": ""
  },
  "subtitles": {
    "subtitles_gabriel_intro1": "",
    "subtitles_gabriel_intro2": "",
    "subtitles_gabriel_intro3": "",
    "subtitles_gabriel_intro4": "",
    "subtitles_gabriel_intro5": "",
    "subtitles_gabriel_intro6": "",
    "subtitles_gabriel_intro7": "",
    "subtitles_gabriel_intro8": "",
    "subtitles_gabriel_intro9": null,
    "subtitles_gabriel_fightStart": "",
    "subtitles_gabriel_taunt1": "",
    "subtitles_gabriel_taunt2": "",
    "subtitles_gabriel_taunt3": "",
    "subtitles_gabriel_taunt4": "",
    "subtitles_gabriel_taunt5": "",
    "subtitles_gabriel_taunt6": "",
    "subtitles_gabriel_taunt7": "",
    "subtitles_gabriel_taunt8": "",
    "subtitles_gabriel_taunt9": "",
    "subtitles_gabriel_taunt10": "",
    "subtitles_gabriel_taunt11": "",
    "subtitles_gabriel_taunt12": "",
    "subtitles_gabriel_phaseChange": "",
    "subtitles_gabriel_defeated1": "",
    "subtitles_gabriel_defeated2": "",
    "subtitles_gabriel_defeated3": "",
    "subtitles_gabriel_defeated4": "",
    "subtitles_gabriel_defeated5": "",
    "subtitles_gabriel_defeated6": "",
    "subtitles_gabriel_defeated7": "",
    "subtitles_gabriel_defeated8": "",
    "subtitles_mandalore_intro1": "",
    "subtitles_mandalore_intro2": "",
    "subtitles_mandalore_attack1": "",
    "subtitles_mandalore_attack2": "",
    "subtitles_mandalore_taunt1": "",
    "subtitles_mandalore_taunt2": "",
    "subtitles_mandalore_taunt3": "",
    "subtitles_mandalore_taunt4": "",
    "subtitles_mandalore_taunt5": "",
    "subtitles_mandalore_phaseChangeFirst1": "",
    "subtitles_mandalore_phaseChangeFirst2": "",
    "subtitles_mandalore_phaseChangeSecond1": "",
    "subtitles_mandalore_phaseChangeSecond2": "",
    "subtitles_mandalore_phaseChangeThird1": "",
    "subtitles_mandalore_phaseChangeThird2": "",
    "subtitles_mandalore_defeated": "",
    "subtitles_minosPrime_intro1": "",
    "subtitles_minosPrime_intro2": "",
    "subtitles_minosPrime_intro3": "",
    "subtitles_minosPrime_intro4": "",
    "subtitles_minosPrime_intro5": "",
    "subtitles_minosPrime_intro6": "",
    "subtitles_minosPrime_intro7": "",
    "subtitles_minosPrime_intro8": "",
    "subtitles_minosPrime_intro9": "",
    "subtitles_minosPrime_intro10": "",
    "subtitles_minosPrime_intro11": "",
    "subtitles_minosPrime_attack1": "",
    "subtitles_minosPrime_attack2": "",
    "subtitles_minosPrime_attack3": "",
    "subtitles_minosPrime_attack4": "",
    "subtitles_minosPrime_attack5": "",
    "subtitles_minosPrime_taunt1": "",
    "subtitles_minosPrime_phaseChange": "",
    "subtitles_minosPrime_defeated1": "",
    "subtitles_minosPrime_defeated2": "",
    "subtitles_minosPrime_defeated3": "",
    "subtitles_minosPrime_defeated4": "",
    "subtitles_sisyphusPrime_preIntro1": "",
    "subtitles_sisyphusPrime_preIntro2": "",
    "subtitles_sisyphusPrime_preIntro3": "",
    "subtitles_sisyphusPrime_intro1": "",
    "subtitles_sisyphusPrime_intro2": "",
    "subtitles_sisyphusPrime_intro3": "",
    "subtitles_sisyphusPrime_intro4": "",
    "subtitles_sisyphusPrime_intro5": "",
    "subtitles_sisyphusPrime_intro6": "",
    "subtitles_sisyphusPrime_intro7": "",
    "subtitles_sisyphusPrime_intro8": "",
    "subtitles_sisyphusPrime_intro9": "",
    "subtitles_sisyphusPrime_intro10": "",
    "subtitles_sisyphusPrime_intro11": "",
    "subtitles_sisyphusPrime_attack1": "",
    "subtitles_sisyphusPrime_attack2": "",
    "subtitles_sisyphusPrime_attack3": "",
    "subtitles_sisyphusPrime_attack4": "",
    "subtitles_sisyphusPrime_attack5": "",
    "subtitles_sisyphusPrime_phaseChange": "",
    "subtitles_sisyphusPrime_respawnIntro": "",
    "subtitles_sisyphusPrime_defeated1": "",
    "subtitles_sisyphusPrime_defeated2": "",
    "subtitles_sisyphusPrime_defeated3": "",
    "subtitles_sisyphusPrime_defeated4": "",
    "subtitles_sisyphusPrime_defeated5": "",
    "subtitles_gabrielBoat1": "",
    "subtitles_gabrielBoat2": "",
    "subtitles_gabrielBoat3": "",
    "subtitles_gabrielBoat4": "",
    "subtitles_gabrielBoat5": "",
    "subtitles_gabrielHeresy1": "",
    "subtitles_gabrielHeresy2": "",
    "subtitles_gabrielHeresy3": "",
    "subtitles_gabrielHeresy4": "",
    "subtitles_gabrielSecondIntro1": "",
    "subtitles_gabrielSecondIntro2": "",
    "subtitles_gabrielSecondIntro3": "",
    "subtitles_gabrielSecondIntro4": "",
    "subtitles_gabrielSecondIntro5": "",
    "subtitles_gabrielSecondIntro6": "",
    "subtitles_gabrielSecondIntro7": "",
    "subtitles_gabrielSecondIntro8": "",
    "subtitles_gabrielSecondIntro9": "",
    "subtitles_gabrielSecondIntro10": "",
    "subtitles_gabrielSecondIntro11": "",
    "subtitles_gabrielSecondIntro12": "",
    "subtitles_gabrielSecondFight1": "",
    "subtitles_gabrielSecondFight2": "",
    "subtitles_gabrielSecondFight3": "",
    "subtitles_gabrielSecondFight4": "",
    "subtitles_gabrielSecondFight5": "",
    "subtitles_gabrielSecondFight6": "",
    "subtitles_gabrielSecondFight7": "",
    "subtitles_gabrielSecondFight8": "",
    "subtitles_gabrielSecondFight9": "",
    "subtitles_gabrielSecondPhaseChange": "",
    "subtitles_gabrielSecondTaunt1": "",
    "subtitles_gabrielSecondTaunt2": "",
    "subtitles_gabrielSecondTaunt3": "",
    "subtitles_gabrielSecondTaunt4": "",
    "subtitles_gabrielSecondTaunt5": "",
    "subtitles_gabrielSecondTaunt6": "",
    "subtitles_gabrielSecondTaunt7": "",
    "subtitles_gabrielSecondTaunt8": "",
    "subtitles_gabrielSecondTaunt9": "",
    "subtitles_gabrielSecondTaunt10": "",
    "subtitles_gabrielSecondTaunt11": "",
    "subtitles_gabrielSecondTaunt12": "",
    "subtitles_gabrielSecondTaunt13": "",
    "subtitles_gabrielSecondTaunt14": "",
    "subtitles_gabrielSecondDefeated1": "",
    "subtitles_gabrielSecondDefeated2": "",
    "subtitles_gabrielSecondDefeated3": "",
    "subtitles_gabrielSecondDefeated4": "",
    "subtitles_gabrielSecondDefeated5": "",
    "subtitles_gabrielSecondDefeated6": "",
    "subtitles_gabrielSecondDefeated7": "",
    "subtitles_gabrielSecondDefeated8": "",
    "subtitles_gabrielSecondDefeated9": "",
    "subtitles_gabrielSecondDefeated10": "",
    "subtitles_gabrielSecondDefeated11": "",
    "subtitles_gabrielSecondDefeated12": null
  },
  "style": {
    "style_airslam": "",
    "style_airshot": "",
    "style_attraptor": "",
    "style_arsenal": "",
    "style_bigheadshot": "",
    "style_bigkill": "",
    "style_bigfistkill": "",
    "style_bipolar": "",
    "style_cannonballed": "",
    "style_cannonballedfrombounce": "",
    "style_cannonboost": "",
    "style_catapulted": "",
    "style_chargeback": "",
    "style_compressed": "",
    "style_criticalpunch": "",
    "style_disrespect": "",
    "style_doublekill": "",
    "style_downtosize": "",
    "style_drillpunch": "",
    "style_drillpunchkill": "",
    "style_enraged": "",
    "style_envirokill": "",
    "style_exploded": "",
    "style_finishedoff": "",
    "style_fireworks": "",
    "style_fireworksweak": "",
    "style_fistfulofdollar": "",
    "style_fried": "",
    "style_friendlyfire": "",
    "style_guardbreak": "",
    "style_groundslam": "",
    "style_halfoff": "",
    "style_hammerHitGreen": "",
    "style_hammerHitHeavy": "",
    "style_hammerHitRed": "",
    "style_hammerHitYellow": "",
    "style_headshot": "",
    "style_heavylight": "",
    "style_homerun": "",
    "style_iconoclasm": "",
    "style_instakill": "",
    "style_insurrknockdown": "",
    "style_interruption": "",
    "style_kill": "",
    "style_landyours": "",
    "style_lightningbolt": "",
    "style_limbshot": "",
    "style_mauriced": "",
    "style_multikill": "",
    "style_nailbombed": "",
    "style_overkill": "",
    "style_oshaviolation": "",
    "style_parry": "",
    "style_projectileboost": "",
    "style_quickdraw": "",
    "style_ricoshot": "",
    "style_ricoshotUltra": "",
    "style_ricoshotCounter": "",
    "style_rocketreturn": "",
    "style_roundtrip": "",
    "style_scrindonguloded": "",
    "style_scrongled": "",
    "style_scrongbongled": "",
    "style_secret": "",
    "style_served": "",
    "style_strike": "",
    "style_splattered": "",
    "style_triplekill": "",
    "style_why": "",
    "style_boiled": "",
    "style_conductor": "",
    "style_crushed": "",
    "style_fall": "",
    "style_forthee": "",
    "style_groovy": "",
    "style_longwaydown": "",
    "style_lost": "",
    "style_m_a_d": "",
    "style_minced": "",
    "style_pancaked": "",
    "style_nono": "",
    "style_outofbounds": "",
    "style_renono": "",
    "style_roadkill": "",
    "style_screwed": "",
    "style_shredded": "",
    "style_slipped": "",
    "style_trampled": "",
    "style_trashed": "",
    "style_unchainedsaw": "",
    "style_zapped": "",
    "style_bishopcapture": "",
    "style_bishoppromo": "",
    "style_blackwins": "",
    "style_bongcloud": "",
    "style_castled": "",
    "style_enpassant": "",
    "style_foolsmate": "",
    "style_knightcapture": "",
    "style_knightpromo": "",
    "style_pawncapture": "",
    "style_queencapture": "",
    "style_queenpromo": "",
    "style_rookcapture": "",
    "style_rookpromo": "",
    "style_stophitting": "",
    "style_ultravictory": "",
    "style_whitewins": "",
    "style_d": "",
    "style_c": "",
    "style_b": "",
    "style_a": "",
    "style_s": "",
    "style_ss": "",
    "style_sss": "",
    "style_ultrakill": "",
    "style_weaponFresh": "",
    "style_weaponUsed": "",
    "style_weaponStale": "",
    "style_weaponDull": "",
    "stylemeter_multiplier": ""
  },
  "cheats": {
    "cheats_disclaimer1": "",
    "cheats_disclaimer2": "",
    "cheats_disclaimerYes": "",
    "cheats_disclaimerNo": "",
    "cheats_panelTitle": "",
    "cheats_cheatsEnabled": "",
    "cheats_cheatsOpenButtons": "",
    "cheats_keepEnabled": "",
    "cheats_spawnerArm": "",
    "cheats_teleportMenu": "",
    "cheats_fullBright": "",
    "cheats_invincibility": "",
    "cheats_noclip": "",
    "cheats_flight": "",
    "cheats_infiniteWallJumps": "",
    "cheats_noWeaponCooldown": "",
    "cheats_infinitePowerUps": "",
    "cheats_blindEnemies": "",
    "cheats_enemiesHateEnemies": "",
    "cheats_enemiesIgnorePlayer": "",
    "cheats_disableEnemySpawns": "",
    "cheats_invincibleEnemies": "",
    "cheats_killAllEnemies": "",
    "cheats_quickSave": "",
    "cheats_quickLoad": "",
    "cheats_saveMenu": "",
    "cheats_clear": "",
    "cheats_rebuildNav": "",
    "cheats_snapping": "",
    "cheats_physics": "",
    "cheats_crashMode": "",
    "cheats_hideWeapons": "",
    "cheats_hideUi": "",
    "cheats_ghostDroneMode": "",
    "cheats_stayActive": "",
    "cheats_disableOnReload": "",
    "cheats_equip": "",
    "cheats_remove": "",
    "cheats_loadLatestSave": "",
    "cheats_open": "",
    "cheats_killAll": "",
    "cheats_static": "",
    "cheats_dynamic": "",
    "cheats_rebuild": "",
    "cheats_rebuilding": "",
    "cheats_activated": "",
    "cheats_deactivated": "",
    "cheats_pressToBind": "",
    "cheats_delete": "",
    "cheats_navmeshOutdated1": "",
    "cheats_navmeshOutdated2": "",
    "cheats_spawnerArmSlot": "",
    "cheats_dupesTitle": "",
    "cheats_dupesSaveNamePrompt": "",
    "cheats_dupesNewSave": "",
    "cheats_dupesOpenFolder": "",
    "cheats_dupesOverWriteWarn": "",
    "cheats_dupesDelete": "",
    "cheats_dupesSave": "",
    "cheats_dupesLoad": "",
    "cheats_categoryMeta": "",
    "cheats_categorySandbox": "",
    "cheats_categoryGeneral": "",
    "cheats_categoryMovement": "",
    "cheats_categoryWeapons": "",
    "cheats_categoryEnemies": "",
    "cheats_categoryItems": "",
    "cheats_categoryVisual": "",
    "cheats_categorySpecial": ""
  },
  "misc": {
    "hud_noArm1": "",
    "hud_noArm2": "",
    "hud_majorAssists": "",
    "hud_overhealOrb1": "",
    "hud_overhealOrb2": "",
    "hud_itemGrabError": "",
    "hud_levelStats1": "",
    "hud_levelStats2": "",
    "hud_outOfBounds": "",
    "hud_clashMode": "",
    "hud_droneHaunting": "",
    "hud_weaponVariation": "",
    "hud_alternateVersion": "",
    "spawner_sandboxTools": "",
    "spawner_sandbox": "",
    "spawner_enemies": "",
    "spawner_items": "",
    "spawner_special": "",
    "spawner_unlockables": "",
    "stats_time": "",
    "stats_kills": "",
    "stats_style": "",
    "stats_secrets": "",
    "stats_challenge": "",
    "hellmap_prelude": "",
    "hellmap_limbo": "",
    "hellmap_lust": "",
    "hellmap_gluttony": "",
    "hellmap_greed": "",
    "hellmap_wrath": "",
    "hellmap_heresy": "",
    "hellmap_violence": "",
    "hellmap_fraud": "",
    "hellmap_treachery": "",
    "hellmap_prime": "",
    "hellmap_first": "",
    "hellmap_second": "",
    "hellmap_third": "",
    "hellmap_fourth": "",
    "hellmap_climax": "",
    "hellmap_act1crescendo": "",
    "hellmap_act1climax": "",
    "hellmap_act2crescendo": "",
    "hellmap_act2climax": "",
    "hellmap_act3crescendo": "",
    "hellmap_act3climax": "",
    "loading": "",
    "levelstats_time": "",
    "levelstats_kills": "",
    "levelstats_style": "",
    "levelstats_challenge": "",
    "levelstats_secrets": "",
    "levelstats_majorAssists": "",
    "levelstats_boxes": "",
    "state_activated": "",
    "state_deactivated": "",
    "state_yes": "",
    "state_no": "",
    "controls_leftClick": "",
    "controls_middleClick": "",
    "controls_rightClick": "",
    "endstats_cheatsUsed": "",
    "endstats_assistsUsed": "",
    "endstats_noRestarts": "",
    "endstats_restarts": "",
    "endstats_noDamage": "",
    "weapons_unavailable": "",
    "weapons_alreadyBought": "",
    "weapons_underConstruction": "",
    "pressToSkip": "",
    "youDied1": "",
    "youDied2": "",
    "DeathSequence": "",
    "classicHud_health": "",
    "classicHud_weapon": "",
    "classicHud_stamina": "",
    "classicHud_arm": "",
    "classicHud_railcannonMeter": "",
    "classicHud_speed": "",
    "enemyAlter_title": "",
    "enemyAlter_sizeTitle": "",
    "enemyAlter_uniformToggle": "",
    "enemyAlter_uniformSmall": "",
    "enemyAlter_uniformDefault": "",
    "enemyAlter_uniformLarge": "",
    "enemyAlter_metaTitle": "",
    "enemyAlter_metaFrozen": "",
    "enemyAlter_metaDisallowManipulation": "",
    "enemyAlter_metaDisallowFreezing": "",
    "enemyAlter_metaBreakable": "",
    "enemyAlter_metaUnbreakable": "",
    "enemyAlter_metaWeak": "",
    "enemyAlter_jumpPadTitle": "",
    "enemyAlter_hookPointTitle": "",
    "enemyAlter_power": "",
    "enemyAlter_radianceTitle": "",
    "enemyAlter_radianceEnable": "",
    "enemyAlter_radianceDetails_tier": "",
    "enemyAlter_radianceDamage_tier": "",
    "enemyAlter_radianceHealth_tier": "",
    "enemyAlter_radianceSpeed_tier": "",
    "enemyAlter_boss_title": "",
    "enemyAlter_boss_description": "",
    "enemyAlter_enrage": "",
    "enemyAlter_enrageEternal": "",
    "enemyAlter_sandified": "",
    "enemyAlter_puppeted": "",
    "enemyAlter_ignorePlayer": "",
    "enemyAlter_attackEnemies": "",
    "enemyAlter_sandboxTitle": "",
    "enemyAlter_hasSkull": "",
    "enemyAlter_altarType": "",
    "enemyAlter_materialBlock": "",
    "enemyAlter_dualWieldPickup": "",
    "enemyAlter_infiniteUses": "",
    "enemyAlter_juice": "",
    "enemyAlter_hurtZone": "",
    "enemyAlter_hurtCooldown": "",
    "enemyAlter_altarBlue": "",
    "enemyAlter_altarRed": "",
    "enemyAlter_altarStone": "",
    "enemyAlter_alteredDestroyed": "",
    "earlyAccessEnd1": "",
    "earlyAccessEnd2": "",
    "earlyAccessEnd3": "",
    "violenceScreenText1": "",
    "violenceScreenText2": ""
  },
  "inputStrings": {
    "input_space": "Space",
    "input_enter": "Enter",
    "input_tab": "TAB",
    "input_esc": "Escape",
    "input_leftShift": "Left Shift",
    "input_rightShift": "Right Shift",
    "input_leftControl": "Left Control",
    "input_rightControl": "Right Control",
    "input_leftAlt": "Left ALT",
    "input_rightAlt": "Right ALT",
    "input_LMB": "LMB",
    "input_RMB": "RMB",
    "input_MMB": "MMB",
    "input_forward": "Mouse Button 4",
    "input_back": "Mouse Button 5",
    "input_arrowUp": "Arrow Up",
    "input_arrowDown": "Arrow Down",
    "input_arrowLeft": "Arrow Left",
    "input_arrowRight": "Arrow Right",
    "input_noBinding": "NO BINDING"
  },
  "weapon": {
    "weapon_nailgunZapperReady": "",
    "weapon_nailgunZapperAlternateTooFar": "",
    "weapon_nailgunZapperOutOfRange": "",
    "weapon_nailgunZapperAlternateNull": "",
    "weapon_nailgunZapperNoTarget": "",
    "weapon_nailgunZapperBlocked": "",
    "weapon_nailgunZapperDistance": "",
    "weapon_nailgunZapperRecharging": ""
  },
  "sandbox": {
    "sandbox_navmeshWarn": "",
    "sandbox_shop_timeOfDay": "",
    "sandbox_shop_worldOptions": "",
    "sandbox_shop_icons": "",
    "sandbox_shop_stats": "",
    "sandbox_shop_totalBoxes": "",
    "sandbox_shop_totalProps": "",
    "sandbox_shop_totalEnemies": "",
    "sandbox_shop_totalTime": "",
    "sandbox_shop_worldOptionsTitle": "",
    "sandbox_shop_worldOptionsEnable": "",
    "sandbox_shop_worldOptionsDisable": "",
    "sandbox_shop_worldOptionsEnabled": "",
    "sandbox_shop_worldOptionsDisabled": "",
    "sandbox_shop_mapBorder": "",
    "sandbox_shop_iconsTitle": "",
    "sandbox_shop_default": "",
    "sandbox_shop_pitr": ""
  }
}